Unnamed: 0,p_title,price,stock,url,company,p_type,img_url
0,American Barbell Cerakote Training Bar,$ 0.00,Out of stock,https://americanbarbell.com//collections/bars/products/american-barbell-cerakote-training-bar,American Barbell,Barbell,https://cdn.shopify.com/s/files/1/0332/6297/products/10_OB20-B_New_800x800_grande_01d4e74c-ba04-46b5-8cc7-1878a6e8bfd4_1024x1024.jpg?v=1527057679
1,American Barbell Training Bar,$ 0.00,Out of stock,https://americanbarbell.com//collections/bars/products/american-barbell-training-bar-1,American Barbell,Barbell,https://cdn.shopify.com/s/files/1/0332/6297/products/9_OB20-CH_800x800_1024x1024.png?v=1482208037
2,The California Bar,$ 335.00,In stock,https://americanbarbell.com//collections/bars/products/california-bar,American Barbell,Barbell,https://cdn.shopify.com/s/files/1/0332/6297/products/california_bar_cerakote_ff5cdb03-0892-4973-a8fc-6a462fb2f688_1024x1024.jpg?v=1599780734
3,American Barbell Fixed Barbells,$ 0.00,Out of stock,https://americanbarbell.com//collections/bars/products/fixed-barbells,American Barbell,Barbell,https://cdn.shopify.com/s/files/1/0332/6297/products/1c_1024x1024.png?v=1594943060
4,American Barbell Stainless Bearing Bar (Comp. Spec.),$ 695.00,In stock,https://americanbarbell.com//collections/bars/products/american-barbell-competition-bearing-bar,American Barbell,Barbell,https://cdn.shopify.com/s/files/1/0332/6297/products/1_OB20-SS-NBCB_800x800_1024x1024.png?v=1482207997
5,American Barbell Performance Bearing Bar,$ 575.00,In stock,https://americanbarbell.com//collections/bars/products/american-barbell-performance-bearing-bar,American Barbell,Barbell,https://cdn.shopify.com/s/files/1/0332/6297/products/2_OB20-CH-NB_800x800_1024x1024.png?v=1482207863
6,American Barbell Stainless Precision Training Bar,$ 0.00,Out of stock,https://americanbarbell.com//collections/bars/products/american-barbell-precision-training-bar,American Barbell,Barbell,https://cdn.shopify.com/s/files/1/0332/6297/products/3_OB20-SS-IWF_800x800_1024x1024.png?v=1482208006
7,American Barbell Performance Training Bar,$ 0.00,Out of stock,https://americanbarbell.com//collections/bars/products/american-barbell-performance-training-bar,American Barbell,Barbell,https://cdn.shopify.com/s/files/1/0332/6297/products/4_OB20-CH-IWF_800x800_1024x1024.png?v=1482207862
8,American Barbell Cerakote Mammoth Power Bar,$ 0.00,Out of stock,https://americanbarbell.com//collections/bars/products/american-barbell-ceramic-mammoth-bar,American Barbell,Barbell,https://cdn.shopify.com/s/files/1/0332/6297/products/cerakote-mammoth-bar_1024x1024.jpg?v=1527057668
9,American Barbell Hex Bar,$ 295.00,In stock,https://americanbarbell.com//collections/bars/products/rackable-hex-bar,American Barbell,Barbell,https://cdn.shopify.com/s/files/1/0332/6297/products/IMG_0028_1024x1024.jpg?v=1482207825
10,American Barbell Safety Squat Bar,$ 399.00,In stock,https://americanbarbell.com//collections/bars/products/safety-squat-bar,American Barbell,Barbell,https://cdn.shopify.com/s/files/1/0332/6297/products/IMG_0151_1024x1024.jpg?v=1482207955
11,Swiss Multi-Grip Bar,$ 295.00,In stock,https://americanbarbell.com//collections/bars/products/football-swiss-bar,American Barbell,Barbell,https://cdn.shopify.com/s/files/1/0332/6297/products/IMG_7217_1024x1024.jpg?v=1501480782
12,American Barbell Camber Bar,$ 199.00,In stock,https://americanbarbell.com//collections/bars/products/american-barbell-camber-bar,American Barbell,Barbell,https://cdn.shopify.com/s/files/1/0332/6297/products/IMG_0016_1024x1024.jpg?v=1527057666
13,Dual Height Fat Grip Hex Bar,$ 349.00,In stock,https://americanbarbell.com//collections/bars/products/dual-height-fat-grip-hex-bar,American Barbell,Barbell,https://cdn.shopify.com/s/files/1/0332/6297/products/IMG_0002_1024x1024.jpg?v=1482208172
14,"T-Grip Club Strength Lite Bar Set (includes Black T-Grip Lite Bar, 2x 2.5lb, 2x 5lb, 2x 10lb plates and 2x 1"" Spring Collars)",$ 168.00,In stock,https://americanbarbell.com//collections/bars/products/t-grip-club-strength-lite-bar-set,American Barbell,Barbell,https://cdn.shopify.com/s/files/1/0332/6297/products/IMG_8902_1024x1024.jpg?v=1501480792
15,T-Grip Shorty Bar,$ 0.00,Out of stock,https://americanbarbell.com//collections/bars/products/t-grip-shorty-bar,American Barbell,Barbell,https://cdn.shopify.com/s/files/1/0332/6297/products/1_grande_2e0801c6-5e6c-45de-81b9-9a7bf14eb9a0_1024x1024.jpg?v=1501480825
16,T-Grip Club Strength Lite Bar,$ 79.00,In stock,https://americanbarbell.com//collections/bars/products/t-grip-club-strength-lite-bar,American Barbell,Barbell,https://cdn.shopify.com/s/files/1/0332/6297/products/lite99_1024x1024.jpeg?v=1509579393
17,T-Grip Max Set,$ 0.00,Out of stock,https://americanbarbell.com//collections/bars/products/t-grip-max-set,American Barbell,Barbell,https://cdn.shopify.com/s/files/1/0332/6297/products/IMG_8904_1024x1024.jpg?v=1501480821
18,"T-Grip Club Strength Lite Bar Set 2 (includes: T-Grip Lite Bar, chrome straight bar, 2x 2.5lb, 2x 5lb, 2x 10lbs and 2x 1"" Spring Collars)",$ 199.00,In stock,https://americanbarbell.com//collections/bars/products/t-grip-club-strength-lite-bar-set-2,American Barbell,Barbell,https://cdn.shopify.com/s/files/1/0332/6297/products/IMG_0024_2_1024x1024.JPG?v=1501480800
19,5KG High Strength Technique Bar,$ 0.00,Out of stock,https://americanbarbell.com//collections/bars/products/american-barbell-high-stength-technique-bar-5kg,American Barbell,Barbell,https://cdn.shopify.com/s/files/1/0332/6297/products/ATB-5_800x800_1024x1024.png?v=1527057614
20,Economy 5KG Technique Training Bar,$ 0.00,Out of stock,https://americanbarbell.com//collections/bars/products/economy-technique-training-bar-5kg,American Barbell,Barbell,https://cdn.shopify.com/s/files/1/0332/6297/products/ATB-5-E_1024x1024.png?v=1482208209
0,45 LB Single Economy Black Bumper Plate,$79.99,Out of Stock,https://www.titan.fitness/strength/weight-plates//strength/weight-plates/bumper-plates/45-lb-single-economy-black-bumper-plate/430105.2.html,Titan Fitness,Plates,https://www.titan.fitness/dw/image/v2/BDBZ_PRD/on/demandware.static/-/Sites-masterCatalog_Titan/default/dw71df3dc6/images/hi-res/Fitness/430105.2_01.jpg?sw=800&sh=800
1,35 LB Single Economy Black Bumper Plate,$64.99,Out of Stock,https://www.titan.fitness/strength/weight-plates//strength/weight-plates/bumper-plates/35-lb-single-economy-black-bumper-plate/430104.2.html,Titan Fitness,Plates,https://www.titan.fitness/dw/image/v2/BDBZ_PRD/on/demandware.static/-/Sites-masterCatalog_Titan/default/dw2fab4824/images/hi-res/Fitness/430104.2_01.jpg?sw=800&sh=800
2,25 LB Pair Cast Iron Olympic Plates,$74.99,Out of Stock,https://www.titan.fitness/strength/weight-plates//strength/weight-plates/cast-iron-plates/25-lb-pair-cast-iron-olympic-plates/430211.2.html,Titan Fitness,Plates,https://www.titan.fitness/dw/image/v2/BDBZ_PRD/on/demandware.static/-/Sites-masterCatalog_Titan/default/dw220669d8/images/hi-res/Fitness/430211_01.jpg?sw=800&sh=800
3,20 LB Ruck Weight,$39.99,In Stock,https://www.titan.fitness/strength/weight-plates//strength/weight-plates/specialty-plates/20-lb-ruck-weight/430158.2.html,Titan Fitness,Plates,https://www.titan.fitness/dw/image/v2/BDBZ_PRD/on/demandware.static/-/Sites-masterCatalog_Titan/default/dw5bbc33c7/images/hi-res/Fitness/430158_01.jpg?sw=800&sh=800
4,1.5 KG Pair Black Change Plates,$34.99,Out of Stock,https://www.titan.fitness/strength/weight-plates//strength/weight-plates/specialty-plates/1.5-kg-pair-black-change-plates/430242.2.html,Titan Fitness,Plates,https://www.titan.fitness/dw/image/v2/BDBZ_PRD/on/demandware.static/-/Sites-masterCatalog_Titan/default/dw86673b5c/images/hi-res/Fitness/430242.2_01.jpg?sw=800&sh=800
5,2 KG Pair Black Change Plates,$39.99,Out of Stock,https://www.titan.fitness/strength/weight-plates//strength/weight-plates/specialty-plates/2-kg-pair-black-change-plates/430243.2.html,Titan Fitness,Plates,https://www.titan.fitness/dw/image/v2/BDBZ_PRD/on/demandware.static/-/Sites-masterCatalog_Titan/default/dw9bf9b992/images/hi-res/Fitness/430243.2_01.jpg?sw=800&sh=800
6,0.5 KG Pair Black Change Plates,$19.99,Out of Stock,https://www.titan.fitness/strength/weight-plates//strength/weight-plates/specialty-plates/0.5-kg-pair-black-change-plates/430240.2.html,Titan Fitness,Plates,https://www.titan.fitness/dw/image/v2/BDBZ_PRD/on/demandware.static/-/Sites-masterCatalog_Titan/default/dw9619122e/images/hi-res/Fitness/430240.2_01.jpg?sw=800&sh=800
7,Pair of Wagon Wheel Pulling Blocks,$223.99,In Stock,https://www.titan.fitness/strength/weight-plates//strength/weight-plates/specialty-plates/pair-of-wagon-wheel-pulling-blocks/430119.html,Titan Fitness,Plates,https://www.titan.fitness/dw/image/v2/BDBZ_PRD/on/demandware.static/-/Sites-masterCatalog_Titan/default/dw2136f7a1/images/hi-res/Fitness/430119_01.jpg?sw=800&sh=800
8,2.5 KG Technique Weight Plates – Pair,$122.99,In Stock,https://www.titan.fitness/strength/weight-plates//strength/weight-plates/bumper-plates/2.5-kg-technique-weight-plates-%E2%80%93-pair/430125.html,Titan Fitness,Plates,https://www.titan.fitness/dw/image/v2/BDBZ_PRD/on/demandware.static/-/Sites-masterCatalog_Titan/default/dw0dedabcf/images/hi-res/Fitness/430120.2_01.jpg?sw=800&sh=800
9,1 KG Pair Black Change Plates,$24.99,Out of Stock,https://www.titan.fitness/strength/weight-plates//strength/weight-plates/specialty-plates/1-kg-pair-black-change-plates/430241.2.html,Titan Fitness,Plates,https://www.titan.fitness/dw/image/v2/BDBZ_PRD/on/demandware.static/-/Sites-masterCatalog_Titan/default/dw74fcfdf6/images/hi-res/Fitness/430241.2_01.jpg?sw=800&sh=800
10,25 LB Single Color Urethane Bumper Plate,$82.99,Out of Stock,https://www.titan.fitness/strength/weight-plates//strength/weight-plates/bumper-plates/25-lb-single-color-urethane-bumper-plate/430222.2.html,Titan Fitness,Plates,https://www.titan.fitness/dw/image/v2/BDBZ_PRD/on/demandware.static/-/Sites-masterCatalog_Titan/default/dwaa6f1de7/images/hi-res/Fitness/430222.2_01.jpg?sw=800&sh=800
11,45 LB Single Cast Iron Olympic Plates,$64.99,Out of Stock,https://www.titan.fitness/strength/weight-plates//strength/weight-plates/cast-iron-plates/45-lb-single-cast-iron-olympic-plates/430232.2.html,Titan Fitness,Plates,https://www.titan.fitness/dw/image/v2/BDBZ_PRD/on/demandware.static/-/Sites-masterCatalog_Titan/default/dwf2fc703f/images/hi-res/Fitness/430232_01.jpg?sw=800&sh=800
12,15 LB Pair Economy Black Bumper Plates,$54.99,Out of Stock,https://www.titan.fitness/strength/weight-plates//strength/weight-plates/bumper-plates/15-lb-pair-economy-black-bumper-plates/430102.2.html,Titan Fitness,Plates,https://www.titan.fitness/dw/image/v2/BDBZ_PRD/on/demandware.static/-/Sites-masterCatalog_Titan/default/dw7ecb0c0f/images/hi-res/Fitness/430102.2_01.jpg?sw=800&sh=800
13,230 LB Set Elite Black Bumper Plates,$729.99,Out of Stock,https://www.titan.fitness/strength/weight-plates//strength/weight-plates/bumper-plates/230-lb-set-elite-black-bumper-plates/430188.html,Titan Fitness,Plates,https://www.titan.fitness/dw/image/v2/BDBZ_PRD/on/demandware.static/-/Sites-masterCatalog_Titan/default/dw0e3355c6/images/hi-res/Fitness/430188_01.jpg?sw=800&sh=800
14,25 LB Pair Economy Black Bumper Plates,$84.99,Out of Stock,https://www.titan.fitness/strength/weight-plates//strength/weight-plates/bumper-plates/25-lb-pair-economy-black-bumper-plates/430103.2.html,Titan Fitness,Plates,https://www.titan.fitness/dw/image/v2/BDBZ_PRD/on/demandware.static/-/Sites-masterCatalog_Titan/default/dw26017af5/images/hi-res/Fitness/430103.2_01.jpg?sw=800&sh=800
15,10 LB Pair Economy Black Bumper Plates,$44.99,Out of Stock,https://www.titan.fitness/strength/weight-plates//strength/weight-plates/bumper-plates/10-lb-pair-economy-black-bumper-plates/430101.2.html,Titan Fitness,Plates,https://www.titan.fitness/dw/image/v2/BDBZ_PRD/on/demandware.static/-/Sites-masterCatalog_Titan/default/dwbfaab66a/images/hi-res/Fitness/430101.2_01.jpg?sw=800&sh=800
16,37.5 LB Set Black Change Plates,$134.99,Out of Stock,https://www.titan.fitness/strength/weight-plates//strength/weight-plates/specialty-plates/37.5-lb-set-black-change-plates/430238.2.html,Titan Fitness,Plates,https://www.titan.fitness/dw/image/v2/BDBZ_PRD/on/demandware.static/-/Sites-masterCatalog_Titan/default/dw8f34cd5b/images/hi-res/Fitness/430238_01.jpg?sw=800&sh=800
17,35 LB Single Cast Iron Olympic Plates,$54.99,Out of Stock,https://www.titan.fitness/strength/weight-plates//strength/weight-plates/cast-iron-plates/35-lb-single-cast-iron-olympic-plates/430231.html,Titan Fitness,Plates,https://www.titan.fitness/dw/image/v2/BDBZ_PRD/on/demandware.static/-/Sites-masterCatalog_Titan/default/dw5efc9a2e/images/hi-res/Fitness/430231_01.jpg?sw=800&sh=800
18,37.5 LB Set Color Change Plates,$139.99,Out of Stock,https://www.titan.fitness/strength/weight-plates//strength/weight-plates/specialty-plates/37.5-lb-set-color-change-plates/430250.html,Titan Fitness,Plates,https://www.titan.fitness/dw/image/v2/BDBZ_PRD/on/demandware.static/-/Sites-masterCatalog_Titan/default/dw8306b583/images/hi-res/Fitness/430250_01.jpg?sw=800&sh=800
19,10 LB Pair Cast Iron Olympic Plates,$39.99,Out of Stock,https://www.titan.fitness/strength/weight-plates//strength/weight-plates/cast-iron-plates/10-lb-pair-cast-iron-olympic-plates/430210.2.html,Titan Fitness,Plates,https://www.titan.fitness/dw/image/v2/BDBZ_PRD/on/demandware.static/-/Sites-masterCatalog_Titan/default/dw6527e72e/images/hi-res/Fitness/430210_01.jpg?sw=800&sh=800
20,45 LB Single Color Urethane Bumper Plate,$148.99,Out of Stock,https://www.titan.fitness/strength/weight-plates//strength/weight-plates/bumper-plates/45-lb-single-color-urethane-bumper-plate/430224.2.html,Titan Fitness,Plates,https://www.titan.fitness/dw/image/v2/BDBZ_PRD/on/demandware.static/-/Sites-masterCatalog_Titan/default/dw21e9af34/images/hi-res/Fitness/430224.2_01.jpg?sw=800&sh=800
21,2.5 KG Pair Black Change Plates,$44.99,Out of Stock,https://www.titan.fitness/strength/weight-plates//strength/weight-plates/specialty-plates/2.5-kg-pair-black-change-plates/430244.2.html,Titan Fitness,Plates,https://www.titan.fitness/dw/image/v2/BDBZ_PRD/on/demandware.static/-/Sites-masterCatalog_Titan/default/dw90d8831c/images/hi-res/Fitness/430244.2_01.jpg?sw=800&sh=800
0,Blemished - CHISEL Olympic EZ Curl Bar with 4 Needle Bearings,$98.00,In Stock,https://www.xmarkfitness.com/blemished-chisel-olympic-ez-curl-bar-with-4-needle-bearings/,Xmark Fitness,Barbell,https://cdn10.bigcommerce.com/s-l4qtjnp/products/1264/images/4377/CHISEL-1__00861.1599680822.195.195.jpg?c=2
1,CROWBAR EZ Curl and  Olympic Bar,$291.00,Out of stock,https://www.xmarkfitness.com/crowbar-ez-curl-and-olympic-bar/,Xmark Fitness,Barbell,https://cdn10.bigcommerce.com/s-l4qtjnp/products/1240/images/4213/crow-and-curl__54787.1591105363.195.195.jpg?c=2
2,BLACKSMITH EZ Curl Olympic Bar,$79.00,Out of stock,https://www.xmarkfitness.com/blacksmith-ez-curl-olympic-bar/,Xmark Fitness,Barbell,https://cdn10.bigcommerce.com/s-l4qtjnp/products/1241/images/4224/BLACKSMITH-CURL-5-nodotcom__27378.1591105917.195.195.jpg?c=2
3,EZ Curl Olympic Bar XM-3670.1-BLACK,$94.00,Out of stock,https://www.xmarkfitness.com/bars/xmark-chrome-olympic-ez-curl-bar-xm-3670/,Xmark Fitness,Barbell,https://cdn10.bigcommerce.com/s-l4qtjnp/products/176/images/4263/3670.1-BLACK-1__15145.1592582559.195.195.jpg?c=2
4,IRONHORSE Super Curl Olympic Bar,$95.00,Out of stock,https://www.xmarkfitness.com/ironhorse-super-curl-olympic-bar/,Xmark Fitness,Barbell,https://cdn10.bigcommerce.com/s-l4qtjnp/products/1233/images/4145/IRONHORSE-1__91622.1574432424.195.195.jpg?c=2
5,CHISEL EZ Curl Olympic Bar with Needle Bearings,$108.00,Out of stock,https://www.xmarkfitness.com/chisel-ez-curl-olympic-bar-with-needle-bearings/,Xmark Fitness,Barbell,https://cdn10.bigcommerce.com/s-l4qtjnp/products/315/images/4261/CHISEL-close__52332.1592427206.195.195.jpg?c=2
6,ECO Bar with Tri Grip Olympic Plate Set,$450.00,Out of stock,https://www.xmarkfitness.com/eco-bar-with-tri-grip-olympic-plate-set/,Xmark Fitness,Barbell,https://cdn10.bigcommerce.com/s-l4qtjnp/products/1261/images/4359/3817-BLACK-3377-BAL-115__87613.1595606277.195.195.jpg?c=2
7,XMark 7’ Black Olympic Bar (28 mm) with Brass Bushings,$150.00,Out of stock,https://www.xmarkfitness.com/xmark-7-black-olympic-bar-28-mm-with-brass-bushings/,Xmark Fitness,Barbell,https://cdn10.bigcommerce.com/s-l4qtjnp/products/308/images/991/3817-BLACK-1__88792.1477431460.195.195.jpg?c=2
8,VOODOO Commercial 7' Olympic Bar,$202.00,Out of stock,https://www.xmarkfitness.com/voodoo-commercial-7-olympic-bar/,Xmark Fitness,Barbell,https://cdn10.bigcommerce.com/s-l4qtjnp/products/234/images/901/VOODOO-5__50635.1547220244.195.195.jpg?c=2
9,CROWBAR Commercial 7' Olympic Bar,$214.00,Out of stock,https://www.xmarkfitness.com/crowbar-commercial-7-olympic-bar/,Xmark Fitness,Barbell,https://cdn10.bigcommerce.com/s-l4qtjnp/products/1195/images/3989/CROWBAR-1__83933.1560875215.195.195.jpg?c=2
0,TEXAS STAR 10 lb. Pair of Select Rubber Coated Olympic Plate Weights - Total Weight 20 lbs.,$49.00,Out of stock,https://www.xmarkfitness.com/texas-star-10-lb-pair-of-select-rubber-coated-olympic-plate-weights-total-weight-20-lbs/,Xmark Fitness,Plates,https://cdn10.bigcommerce.com/s-l4qtjnp/products/319/images/1099/3389-10-P-2__79145.1497882301.195.195.jpg?c=2
1,TEXAS STAR 35 lb. Pair of Select Rubber Coated Olympic Plate Weights - Total Weight 70 lbs.,$195.00,Out of stock,https://www.xmarkfitness.com/texas-star-35-lb-pair-of-select-rubber-coated-olympic-plate-weights-total-weight-70-lbs/,Xmark Fitness,Plates,https://cdn10.bigcommerce.com/s-l4qtjnp/products/323/images/1137/3389-35-P-2__40308.1497908887.195.195.jpg?c=2
2,TEXAS STAR 45 lb. Select Rubber Coated Olympic set,$158.00,Out of stock,https://www.xmarkfitness.com/texas-star-45-lb-select-rubber-coated-olympic-set/,Xmark Fitness,Plates,https://cdn10.bigcommerce.com/s-l4qtjnp/products/326/images/1164/3389-BAL-45-1__14688.1497883573.195.195.jpg?c=2
3,TEXAS STAR 95 lb. Select Rubber Coated Olympic set,$274.00,Out of stock,https://www.xmarkfitness.com/texas-star-95-lb-select-rubber-coated-olympic-set/,Xmark Fitness,Plates,https://cdn10.bigcommerce.com/s-l4qtjnp/products/328/images/1177/3389-BAL-95-1__34107.1497909783.195.195.jpg?c=2
4,TEXAS STAR 205 lb. Select Rubber Coated Olympic set,$538.00,Out of stock,https://www.xmarkfitness.com/texas-star-205-lb-select-rubber-coated-olympic-set/,Xmark Fitness,Plates,https://cdn10.bigcommerce.com/s-l4qtjnp/products/334/images/1219/3389-BAL-205-1__94597.1497901078.195.195.jpg?c=2
5,Black Diamond 35 lb Pair Olympic Weight Plates,$193.00,Out of stock,https://www.xmarkfitness.com/black-diamond-35-lb-pair-olympic-weight-plates/,Xmark Fitness,Plates,https://cdn10.bigcommerce.com/s-l4qtjnp/products/1173/images/3883/BLACK-DIAMOND-35-P__47470.1554479101.195.195.jpg?c=2
6,Black Diamond 45 lb Pair Olympic Weight Plates,$221.00,Out of stock,https://www.xmarkfitness.com/black-diamond-45-lb-pair-olympic-weight-plates/,Xmark Fitness,Plates,https://cdn10.bigcommerce.com/s-l4qtjnp/products/1174/images/3886/BLACK-DIAMOND-45-P__03272.1554479107.195.195.jpg?c=2
7,Black Diamond 95 lb Set Olympic Weight Plates,$272.00,Out of stock,https://www.xmarkfitness.com/black-diamond-95-lb-set-olympic-weight-plates/,Xmark Fitness,Plates,https://cdn10.bigcommerce.com/s-l4qtjnp/products/1199/images/4009/BLACK-DIAMOND-BAL-95__45475.1564596735.195.195.jpg?c=2
8,XMark Premium Quality Rubber Coated Tri-grip Olympic Weight Plates - 1 Pair of 10 lb Plates,$64.00,Out of stock,https://www.xmarkfitness.com/xmark-premium-quality-rubber-coated-tri-grip-olympic-weight-plates-1-pair-of-10-lb-plates/,Xmark Fitness,Plates,https://cdn10.bigcommerce.com/s-l4qtjnp/products/991/images/3254/3377-10-P__61257.1537210755.195.195.jpg?c=2
9,XMark Premium Quality Rubber Coated Tri-grip Olympic Weight Plates - 1 Pair of 25 lb. Plates,$129.00,Out of stock,https://www.xmarkfitness.com/xmark-premium-quality-rubber-coated-tri-grip-olympic-weight-plates-1-pair-of-25-lb-plates/,Xmark Fitness,Plates,https://cdn10.bigcommerce.com/s-l4qtjnp/products/994/images/3260/3377-25-P__53966.1537352766.195.195.jpg?c=2
10,Premium Quality Rubber Coated Tri-grip Olympic Weight Plates - 1 Pair of 45 lb. Plates,$214.00,Out of stock,https://www.xmarkfitness.com/premium-quality-rubber-coated-tri-grip-olympic-weight-plates-1-pair-of-45-lb-plates/,Xmark Fitness,Plates,https://cdn10.bigcommerce.com/s-l4qtjnp/products/996/images/3264/3377-45-P__79887.1537240436.195.195.jpg?c=2
11,XMark Premium Quality Rubber Coated Tri-Grip Olympic Weight Plates - 65 lb. Set,$194.00,Out of stock,https://www.xmarkfitness.com/xmark-premium-quality-rubber-coated-tri-grip-olympic-weight-plates-65-lb-set/,Xmark Fitness,Plates,https://cdn10.bigcommerce.com/s-l4qtjnp/products/998/images/3268/3377-BAL-65__68475.1537469945.195.195.jpg?c=2
12,XMark Premium Quality Rubber Coated Tri-Grip Olympic Weight Plates - 95 lb. Set,$261.00,Out of stock,https://www.xmarkfitness.com/xmark-premium-quality-rubber-coated-tri-grip-olympic-weight-plates-95-lb-set/,Xmark Fitness,Plates,https://cdn10.bigcommerce.com/s-l4qtjnp/products/1000/images/3272/3377-BAL-95__40732.1537532941.195.195.jpg?c=2
13,XMark Premium Quality Rubber Coated Tri-Grip Olympic Weight Plates - 205 lb. Set,$538.00,Out of stock,https://www.xmarkfitness.com/xmark-premium-quality-rubber-coated-tri-grip-olympic-weight-plates-205-lb-set/,Xmark Fitness,Plates,https://cdn10.bigcommerce.com/s-l4qtjnp/products/1012/images/3295/3377-BAL-205__34614.1537654950.195.195.jpg?c=2
14,"XMark 60 lb. Set Bumper Plates, XM-3393-10-SIX",$199.00,Out of stock,https://www.xmarkfitness.com/xmark-60-lb-set-bumper-plates-xm-3393-10-six/,Xmark Fitness,Plates,https://cdn10.bigcommerce.com/s-l4qtjnp/products/1151/images/3760/3393-10-SIX__08274.1551736733.195.195.jpg?c=2
15,"25 lb. Pair Bumper Plates, XM-3393-25-P",$135.00,Out of stock,https://www.xmarkfitness.com/25-lb-pair-bumper-plates-xm-3393-25-p/,Xmark Fitness,Plates,https://cdn10.bigcommerce.com/s-l4qtjnp/products/1148/images/3745/3393-25-P__49732.1551736438.195.195.jpg?c=2
16,"45 lb. Pair Bumper Plates, XM-3393-45-P",$187.00,Out of stock,https://www.xmarkfitness.com/45-lb-pair-bumper-plates-xm-3393-45-p/,Xmark Fitness,Plates,https://cdn10.bigcommerce.com/s-l4qtjnp/products/1150/images/3755/3393-45-P__96444.1551736665.195.195.jpg?c=2
17,HI-IMPACT Black Olympic Bumper - 15 LB. (Set of 4),$147.00,Out of stock,https://www.xmarkfitness.com/hi-impact-black-olympic-bumper-15-lb-set-of-4/,Xmark Fitness,Plates,https://cdn10.bigcommerce.com/s-l4qtjnp/products/1140/images/3622/3391-15-FOUR__75458.1551308531.195.195.jpg?c=2
18,HI-IMPACT Black Olympic Bumper - 10 LB. Pair,$69.00,Out of stock,https://www.xmarkfitness.com/hi-impact-black-olympic-bumper-10-lb-pair/,Xmark Fitness,Plates,https://cdn10.bigcommerce.com/s-l4qtjnp/products/1250/images/4295/3391-10-P__05232.1594310300.195.195.jpg?c=2
19,HI-IMPACT Black Olympic Bumper - 25 LB. Pair,$124.00,Out of stock,https://www.xmarkfitness.com/hi-impact-black-olympic-bumper-25-lb-pair/,Xmark Fitness,Plates,https://cdn10.bigcommerce.com/s-l4qtjnp/products/353/images/3593/3391-25-P__47978.1551310490.195.195.jpg?c=2
20,HI-IMPACT Black Olympic Bumper - 35 LB. Pair,$166.00,Out of stock,https://www.xmarkfitness.com/hi-impact-black-olympic-bumper-35-lb-pair/,Xmark Fitness,Plates,https://cdn10.bigcommerce.com/s-l4qtjnp/products/354/images/3594/3391-35-P__34830.1551310396.195.195.jpg?c=2
21,HI-IMPACT Black Olympic Bumper - 55 LB. Pair,$219.00,Out of stock,https://www.xmarkfitness.com/hi-impact-black-olympic-bumper-55-lb-pair/,Xmark Fitness,Plates,https://cdn10.bigcommerce.com/s-l4qtjnp/products/1141/images/3616/3391-55-P__87086.1551302063.195.195.jpg?c=2
22,Classic Black Bumper Plates 25 LB. (Set of Four),$220.00,Out of stock,https://www.xmarkfitness.com/classic-black-bumper-plates-25-lb-set-of-four/,Xmark Fitness,Plates,https://cdn10.bigcommerce.com/s-l4qtjnp/products/1239/images/4208/3385-25-FOUR__98987.1591029158.195.195.jpg?c=2
23,Classic Black Bumper Plates 45 LB. Pair,$203.00,Out of stock,https://www.xmarkfitness.com/classic-black-bumper-plates-45-lb-pair/,Xmark Fitness,Plates,https://cdn10.bigcommerce.com/s-l4qtjnp/products/229/images/1321/3385-45-P-1__26552.1501794272.195.195.jpg?c=2
24,"XMark Pair of 10 lb Hex Dumbbells, Premium Quality, Rubber Coated with Chrome Contoured Handles",$53.00,Out of stock,https://www.xmarkfitness.com/free-weights/xmark-pair-of-10-lb-rubber-hex-dumbbells-xm-3301-10-p/,Xmark Fitness,Plates,https://cdn10.bigcommerce.com/s-l4qtjnp/products/151/images/279/3301_10_P__47381.1422621969.195.195.jpg?c=2
25,"XMark Pair of 40 lb Hex Dumbbells, Premium Quality, Rubber Coated with Chrome Contoured Handles",$164.00,Out of stock,https://www.xmarkfitness.com/free-weights/xmark-pair-of-40-lb-rubber-hex-dumbbells-xm-3301-40-p/,Xmark Fitness,Plates,https://cdn10.bigcommerce.com/s-l4qtjnp/products/158/images/288/3301_40_P__16327.1422622331.195.195.jpg?c=2
26,"XMark Pair of 50 lb Hex Dumbbells, Premium Quality, Rubber Coated with Chrome Contoured Handles",$197.00,Out of stock,https://www.xmarkfitness.com/xmark-pair-of-50-lb-hex-dumbbells-premium-quality-rubber-coated-with-chrome-contoured-handles/,Xmark Fitness,Plates,https://cdn10.bigcommerce.com/s-l4qtjnp/products/225/images/490/3301_50_P__63848.1429285887.195.195.jpg?c=2
27,100 lb Set of Hex Dumbbells,$186.00,Out of stock,https://www.xmarkfitness.com/100-lb-set-of-hex-dumbbells/,Xmark Fitness,Plates,https://cdn10.bigcommerce.com/s-l4qtjnp/products/1257/images/4329/3301-1025-C-1__79048.1594909024.195.195.jpg?c=2
28,"XMark 550 lb SET of Hex Dumbbells, Premium Quality, Rubber Coated with Chrome Contoured Handles","$1,056.00",Out of stock,https://www.xmarkfitness.com/free-weights/xmark-5-lb-to-50-lb-rubber-hex-dumbbell-set-xm-3301-550s/,Xmark Fitness,Plates,https://cdn10.bigcommerce.com/s-l4qtjnp/products/161/images/1054/3301-550S-1__92413.1487879421.195.195.jpg?c=2
29,Two Tier  Dumbbell Rack Loaded With 380 lbs. of Rubber Coated Hex Dumbbells,$980.00,Out of stock,https://www.xmarkfitness.com/two-tier-dumbbell-rack-loaded-with-380-lbs-of-rubber-coated-hex-dumbbells/,Xmark Fitness,Plates,https://cdn10.bigcommerce.com/s-l4qtjnp/products/344/images/1291/4455-380__91688.1499119947.195.195.jpg?c=2
30,Two Tier Heavy Duty Steel Dumbbell Rack With Angled Shelves,$153.00,In Stock,https://www.xmarkfitness.com/two-tier-heavy-duty-steel-dumbbell-rack-with-angled-shelves/,Xmark Fitness,Plates,https://cdn10.bigcommerce.com/s-l4qtjnp/products/342/images/1280/4455-1__00195.1499111246.195.195.jpg?c=2
31,Dumbbell and Plate Weight Rack With Dual Vertical Bar Storage,$194.00,In Stock,https://www.xmarkfitness.com/dumbbell-and-plate-weight-rack-with-dual-vertical-bar-storage/,Xmark Fitness,Plates,https://cdn10.bigcommerce.com/s-l4qtjnp/products/374/images/3536/4467.1-1__19200.1547841350.195.195.jpg?c=2
32,Bumper Plate Tree with  Lockable Casters,$198.00,Out of stock,https://www.xmarkfitness.com/bumper-plate-tree-with-lockable-casters/,Xmark Fitness,Plates,https://cdn10.bigcommerce.com/s-l4qtjnp/products/1234/images/4156/9057-1__09363.1574873321.195.195.jpg?c=2
0,Black LB Sport Bumper Plates,from $ 53.00,In stock,https://americanbarbell.com/collections/weights/products/american-barbell-economy-black-bumper-plates-1,American Barbell,Plates,https://cdn.shopify.com/s/files/1/0332/6297/products/G4_800x.jpg?v=1489792601
1,Color LB Urethane Pro Series Plates,from $ 320.00,In stock,https://americanbarbell.com/collections/weights/products/american-barbell-color-lb-urethane-pro-series-plates,American Barbell,Plates,https://cdn.shopify.com/s/files/1/0332/6297/products/D3_800x.jpg?v=1482207782
2,Black KG Sport Bumper Plates,from $ 96.00,In stock,https://americanbarbell.com/collections/weights/products/american-barbell-black-kg-sport-bumper-plates,American Barbell,Plates,https://cdn.shopify.com/s/files/1/0332/6297/products/IMG_00068_800x.jpg?v=1490213911
3,American Barbell Series IV Urethane Dumbbells,"$ 2,338.00",In stock,https://americanbarbell.com/collections/weights/products/american-barbell-series-iv-commercial-grade-urethane-dumbbells,American Barbell,Plates,https://cdn.shopify.com/s/files/1/0332/6297/products/100250image_800x.jpg?v=1544058302
4,American Barbell Series I Commercial Grade Urethane Dumbbells,$ 0.00,In stock,https://americanbarbell.com/collections/weights/products/american-barbell-series-i-urethane-dumbbells,American Barbell,Plates,https://cdn.shopify.com/s/files/1/0332/6297/products/1004461image_800x.jpg?v=1578963787
5,Hex Dumbbells,from $ 13.00,In stock,https://americanbarbell.com/collections/weights/products/hex-rubber-dumbbells,American Barbell,Plates,https://cdn.shopify.com/s/files/1/0332/6297/products/Dumbbells-1_800x.jpg?v=1565220205
6,American Barbell Rubber Coated Kettlebells (LBS sizing),from $ 23.00,In stock,https://americanbarbell.com/collections/weights/products/rubber-kettlebells,American Barbell,Plates,https://cdn.shopify.com/s/files/1/0332/6297/products/IMG_0019_41f3f56b-6bbd-4bf9-bf8c-db6d9c22d40a_800x.JPG?v=1552341402
7,Competition Steel Kettlebells,$ 253.00,In stock,https://americanbarbell.com/collections/weights/products/competition-steel-kettlebells,American Barbell,Plates,https://cdn.shopify.com/s/files/1/0332/6297/products/GOLD-kettlebell-shadow_800x.jpg?v=1565218106
8,Competition Kettlebells,from $ 55.00,In stock,https://americanbarbell.com/collections/weights/products/competition-kettlebells,American Barbell,Plates,https://cdn.shopify.com/s/files/1/0332/6297/products/IMG_0003_97ecf939-bd4a-48b6-974e-c3060db9d366_800x.JPG?v=1576521404
9,American Barbell Rubber Olympic Plates,from $ 13.00,In stock,https://americanbarbell.com/collections/weights/products/rubber-olympic-plates,American Barbell,Plates,https://cdn.shopify.com/s/files/1/0332/6297/products/IMG_9210_800x.jpg?v=1482207952
0,Barenaked Powerlifting Bar 2.0,$299.99,In Stock,https://www.bellsofsteel.com/product/bos-powerlifting-bar/,Bells Of Steel,Barbell,https://www.bellsofsteel.com/wp-content/uploads/2015/06/bos-barenaked-powerlifitng-bar-01-min.jpg
1,Olympic Weightlifting Barbell – The B.o.S.  Bar 2.0,$319.99,Out of stock,https://www.bellsofsteel.com/product/bos-olympic-weightlifting-barbell/,Bells Of Steel,Barbell,https://www.bellsofsteel.com/wp-content/uploads/2011/05/bos-olympic-weightlifting-barbell-01-min.jpg
2,Onyx Powerlifting Cerakote Bar,$349.99,Out of stock,https://www.bellsofsteel.com/product/onyx-powerlifting-cerakote-bar/,Bells Of Steel,Barbell,https://www.bellsofsteel.com/wp-content/uploads/2020/06/Carolina-Andrew-IMG_9088.jpg
3,Women’s Barbell 2.0 – Olympic Weightlifting,$299.99,Out of stock,https://www.bellsofsteel.com/product/bos-womens-barbell/,Bells Of Steel,Barbell,https://www.bellsofsteel.com/wp-content/uploads/2013/10/bos-women-barbell-20-olympic-weightlifting-01-min.jpg
4,Cerakote Utility Barbell – Multipurpose Bar,$249.99,Out of stock,https://www.bellsofsteel.com/product/cerakote-barbell/,Bells Of Steel,Barbell,https://www.bellsofsteel.com/wp-content/uploads/2020/04/6.png
5,Utility Barbell – Multipurpose Bar,$249.99,Out of stock,https://www.bellsofsteel.com/product/basic-barbell/,Bells Of Steel,Barbell,https://www.bellsofsteel.com/wp-content/uploads/2014/12/bos-utility-barbell-multipurpose-bar-01-min.jpg
6,Loadable Dumbbell – Single – 20.5″,$99.99,Out of stock,https://www.bellsofsteel.com/product/loadable-dumbbells/,Bells Of Steel,Barbell,https://www.bellsofsteel.com/wp-content/uploads/2018/04/bos-loadable-dumbbell-single-205-01-min.jpg
7,EZ Curl Bar – 47″,$99.99,Out of stock,https://www.bellsofsteel.com/product/ez-curl-bar/,Bells Of Steel,Barbell,https://www.bellsofsteel.com/wp-content/uploads/2018/04/bos-curl-bar-47-01-min.jpg
8,Open Trap Bar / Hex Bar 3.0 – Rotating Sleeves,$249.99,Out of stock,https://www.bellsofsteel.com/product/trap-bar-hex-bar/,Bells Of Steel,Barbell,https://www.bellsofsteel.com/wp-content/uploads/2020/01/DSC0673_finished-min.jpg
9,Onyx Powerlifting Cerakote Bar,$349.99,Out of stock,https://www.bellsofsteel.com/product/onyx-powerlifting-cerakote-bar/,Bells Of Steel,Barbell,https://www.bellsofsteel.com/wp-content/uploads/2020/06/Carolina-Andrew-IMG_9088.jpg
10,Swiss Bar 2.0 – Rotating Sleeves,$259.99,Out of stock,https://www.bellsofsteel.com/product/swiss-bar/,Bells Of Steel,Barbell,https://www.bellsofsteel.com/wp-content/uploads/2019/11/IMG_9772.jpg
11,Buffalo Bar 2.0 By Strongarm,$349.99,Out of stock,https://www.bellsofsteel.com/product/buffalo-bar-2/,Bells Of Steel,Barbell,https://www.bellsofsteel.com/wp-content/uploads/2017/10/bos-buffalo-bar-01a.jpg
12,Squat Bar By Strongarm,$349.99,Out of stock,https://www.bellsofsteel.com/product/squat-bar/,Bells Of Steel,Barbell,https://www.bellsofsteel.com/wp-content/uploads/2018/12/bos-squat-bar-by-strongarm-01-min.jpg
13,Sumo Deadlift Bar By Strongarm,$349.99,Out of stock,https://www.bellsofsteel.com/product/sumo-deadlift-bar/,Bells Of Steel,Barbell,https://www.bellsofsteel.com/wp-content/uploads/2018/12/bos-sumo-deadlift-by-strongarm-01-min.jpg
14,Conventional Deadlift Bar By Strongarm,$349.99,Out of stock,https://www.bellsofsteel.com/product/conventional-deadlift-bar/,Bells Of Steel,Barbell,https://www.bellsofsteel.com/wp-content/uploads/2018/12/bos-conventional-deadlift-bar-by-strongarm-01-min.jpg
15,Safety Squat Bar – The SS3,$349.99,Out of stock,https://www.bellsofsteel.com/product/premium-safety-squat-bar/,Bells Of Steel,Barbell,https://www.bellsofsteel.com/wp-content/uploads/2020/06/Carolina-Andrew-IMG_9106.jpg
0,Mighty Grip Olympic Weight Plates 2.0,$9.99 – $799.99,Out of stock,https://www.bellsofsteel.com/product/cast-iron-weight-plate/,Bells Of Steel,Plates,https://www.bellsofsteel.com/wp-content/uploads/2019/08/Bijan-Karkhairan-2019-08-29-13-01-36-245-Set.jpeg
1,Bumper Plates – Dead Bounce – lb,"$9.99 – $1,049.99",Out of stock,https://www.bellsofsteel.com/product/bumper-plates-lb/,Bells Of Steel,Plates,https://www.bellsofsteel.com/wp-content/uploads/2016/02/bos-bumper-plates-dead-bounce-01-min.jpg
2,Weightlifting Chains,$89.99 – $399.99,Out of stock,https://www.bellsofsteel.com/product/weightlifting-chains/,Bells Of Steel,Plates,https://www.bellsofsteel.com/wp-content/uploads/2020/07/IMG_0092.jpg
3,Bumper Plates – Colour Competition – KG,"$169.99 – $2,299.99",Out of stock,https://www.bellsofsteel.com/product/competition-bumper-plates/,Bells Of Steel,Plates,https://www.bellsofsteel.com/wp-content/uploads/2016/12/all-color-into-one-image.jpg
4,Calibrated Powerlifting Plate Sets by StrongArm,"$899.99 – $2,399.99",Out of stock,https://www.bellsofsteel.com/product/strongarm-plate-sets/,Bells Of Steel,Plates,https://www.bellsofsteel.com/wp-content/uploads/2019/03/bos-calibrated-powerlifting-plates-sets-min.jpg
0,REP Basic Barbell,$89.00,Out of stock,https://www.repfitness.com/bars-plates/olympic-bars/rep-basic-barbell,Repfitness,Barbell,https://www.repfitness.com/media/catalog/product/cache/1/image/750x/17f82f742ffe127f42dca9de82fb58b1/b/a/basic_bar.jpg
1,REP Excalibur 20 kg - Stainless Steel,$329.00,Out of stock,https://www.repfitness.com/bars-plates/olympic-bars/excalibur-20-kg-stainless-steel,Repfitness,Barbell,https://www.repfitness.com/media/catalog/product/cache/1/image/750x/17f82f742ffe127f42dca9de82fb58b1/w/e/web-excalibur_2_3.jpg
2,REP BB-TECH 15 lb Aluminum Technique Bar,$99.00,In stock,https://www.repfitness.com/bars-plates/olympic-bars/15lb-technique-barbell,Repfitness,Barbell,https://www.repfitness.com/media/catalog/product/cache/1/image/750x/17f82f742ffe127f42dca9de82fb58b1/t/e/technique.jpg
3,REP Sabre Bar,$149.00,Out of stock,https://www.repfitness.com/bars-plates/olympic-bars/rep-sabre-bar,Repfitness,Barbell,https://www.repfitness.com/media/catalog/product/cache/1/image/750x/17f82f742ffe127f42dca9de82fb58b1/s/a/sabre_1_3.jpg
4,REP Black Sabre Barbell,$151.00,Out of stock,https://www.repfitness.com/bars-plates/olympic-bars/rep-black-sabre-barbell,Repfitness,Barbell,https://www.repfitness.com/media/catalog/product/cache/1/image/750x/17f82f742ffe127f42dca9de82fb58b1/s/a/sabre_1_3_1.jpg
5,REP Gladiator WL Bearing Bar,$269.00,Out of stock,https://www.repfitness.com/bars-plates/olympic-bars/rep-gladiator-olympic-bar,Repfitness,Barbell,https://www.repfitness.com/media/catalog/product/cache/1/image/750x/17f82f742ffe127f42dca9de82fb58b1/r/e/rep_gladiator_bb-5000_main.jpg
6,REP 28.5mm Gladiator MX Barbell,$269.00,Out of stock,https://www.repfitness.com/bars-plates/olympic-bars/rep-gladiator-mx-barbell,Repfitness,Barbell,https://www.repfitness.com/media/catalog/product/cache/1/image/750x/17f82f742ffe127f42dca9de82fb58b1/w/e/web_nw-new_gladiator_mx_grey.jpg
7,REP Stainless Steel Gladiator WL Barbell,$379.00,Out of stock,https://www.repfitness.com/bars-plates/olympic-bars/rep-stainless-steel-gladiator-olympic-barbell,Repfitness,Barbell,https://www.repfitness.com/media/catalog/product/cache/1/image/750x/17f82f742ffe127f42dca9de82fb58b1/r/e/rep_gladiator_ss_barbell-text.jpg
8,REP Stainless Steel Power Bar v2,$379.00,Out of stock,https://www.repfitness.com/bars-plates/olympic-bars/rep-stainless-steel-power-bar,Repfitness,Barbell,https://www.repfitness.com/media/catalog/product/cache/1/image/750x/17f82f742ffe127f42dca9de82fb58b1/p/o/power_bar_1_.jpg
9,REP Deep Knurl Power Bar EX,$379.00,Out of stock,https://www.repfitness.com/bars-plates/olympic-bars/rep-deep-knurl-power-bar-ex,Repfitness,Barbell,https://www.repfitness.com/media/catalog/product/cache/1/image/750x/17f82f742ffe127f42dca9de82fb58b1/w/e/web_nw-rep_powerbar_sku-bb-5150_main_2.jpg
10,REP Excalibur Bar,$299.00,Out of stock,https://www.repfitness.com/bars-plates/olympic-bars/excalibur-olympic-bar,Repfitness,Barbell,https://www.repfitness.com/media/catalog/product/cache/1/image/750x/17f82f742ffe127f42dca9de82fb58b1/w/e/web-excalibur-2.jpg
11,REP EZ Curl Barbell,$229.00,Out of stock,https://www.repfitness.com/bars-plates/olympic-bars/rep-ez-curl-barbell,Repfitness,Barbell,https://www.repfitness.com/media/catalog/product/cache/1/image/750x/17f82f742ffe127f42dca9de82fb58b1/e/z/ez-curl_bars_standard_main_1_.jpg
12,REP Rackable EZ Curl Barbell,$259.00,Out of stock,https://www.repfitness.com/bars-plates/olympic-bars/rep-rackable-ez-curl-barbell,Repfitness,Barbell,https://www.repfitness.com/media/catalog/product/cache/1/image/750x/17f82f742ffe127f42dca9de82fb58b1/e/z/ez-curl_bars_rackable_main.jpg
13,REP Trap Bar,$125.00,Out of stock,https://www.repfitness.com/bars-plates/olympic-bars/rep-trap-bar,Repfitness,Barbell,https://www.repfitness.com/media/catalog/product/cache/1/image/750x/17f82f742ffe127f42dca9de82fb58b1/t/r/trap_bar.jpg
14,REP Farmer's Carry Handles,$99.00,Out of stock,https://www.repfitness.com/bars-plates/olympic-bars/rep-farmer-s-walk-handles,Repfitness,Barbell,https://www.repfitness.com/media/catalog/product/cache/1/image/750x/17f82f742ffe127f42dca9de82fb58b1/f/a/farmers_carry_handles.jpg
15,REP Axle Bar,$48.00,Out of stock,https://www.repfitness.com/bars-plates/olympic-bars/rep-axle-bar,Repfitness,Barbell,https://www.repfitness.com/media/catalog/product/cache/1/image/750x/17f82f742ffe127f42dca9de82fb58b1/w/e/web_nw-axle_bar_clearance.jpg
0,REP kg Change Plates,Varies,Out of Stock,https://www.repfitness.com/bars-plates/olympic-plates/rep-kg-change-plates,Repfitness,Plates,https://www.repfitness.com/media/catalog/product/cache/1/image/750x/17f82f742ffe127f42dca9de82fb58b1/c/h/change_plates_all_offwhite_main.jpg
1,REP Iron Plates,Varies,Out of Stock,https://www.repfitness.com/bars-plates/olympic-plates/rep-iron-plates,Repfitness,Plates,https://www.repfitness.com/media/catalog/product/cache/1/image/750x/17f82f742ffe127f42dca9de82fb58b1/w/e/web-iron_background.jpg
2,REP Urethane Coated Olympic Plates,Varies,Out of Stock,https://www.repfitness.com/bars-plates/olympic-plates/rep-urethane-coated-olympic-plates,Repfitness,Plates,https://www.repfitness.com/media/catalog/product/cache/1/image/750x/17f82f742ffe127f42dca9de82fb58b1/w/e/web-uplatesgroup.jpg
3,Hi-Temp Bumper Plates,Varies,Out of Stock,https://www.repfitness.com/bars-plates/olympic-plates/hi-temp-bumper-plates,Repfitness,Plates,https://www.repfitness.com/media/catalog/product/cache/1/image/750x/17f82f742ffe127f42dca9de82fb58b1/w/e/web-hitemp_all.jpg
4,REP LB Change Plates,Varies,Out of Stock,https://www.repfitness.com/bars-plates/olympic-plates/rep-lb-change-plates,Repfitness,Plates,https://www.repfitness.com/media/catalog/product/cache/1/image/750x/17f82f742ffe127f42dca9de82fb58b1/c/h/change_plates_header_main.jpg
5,REP Urethane Coated Equalizers,Varies,Out of Stock,https://www.repfitness.com/bars-plates/olympic-plates/rep-urethane-coated-equalizers,Repfitness,Plates,https://www.repfitness.com/media/catalog/product/cache/1/image/750x/17f82f742ffe127f42dca9de82fb58b1/w/e/web_nw-urethane-coated-equalizers-main.jpg
6,REP Equalizer Iron Olympic Plates,Varies,Out of Stock,https://www.repfitness.com/bars-plates/olympic-plates/rep-equalizer-iron-olympic-plates,Repfitness,Plates,https://www.repfitness.com/media/catalog/product/cache/1/image/750x/17f82f742ffe127f42dca9de82fb58b1/w/i/wide-group-shot-rebrand.jpg
7,REP V2 Rubber Coated Olympic Plates,Varies,Out of Stock,https://www.repfitness.com/bars-plates/olympic-plates/rep-rubber-coated-olympic-plates,Repfitness,Plates,https://www.repfitness.com/media/catalog/product/cache/1/image/750x/17f82f742ffe127f42dca9de82fb58b1/w/e/web-wp-4100_all.jpg
8,5 lb Extra-Firm Bumper Plates Pair,Varies,Out of Stock,https://www.repfitness.com/bars-plates/olympic-plates/5-lb-technique-plates,Repfitness,Plates,https://www.repfitness.com/media/catalog/product/cache/1/image/750x/17f82f742ffe127f42dca9de82fb58b1/p/a/pair.jpg
9,REP Black Bumper Plates,Varies,Out of Stock,https://www.repfitness.com/bars-plates/olympic-plates/rep-black-bumper-plates,Repfitness,Plates,https://www.repfitness.com/media/catalog/product/cache/1/image/750x/17f82f742ffe127f42dca9de82fb58b1/b/u/bumpers-stacked.jpg
10,REP Color Bumper Plates,Varies,Out of Stock,https://www.repfitness.com/bars-plates/olympic-plates/rep-color-bumper-plates,Repfitness,Plates,https://www.repfitness.com/media/catalog/product/cache/1/image/750x/17f82f742ffe127f42dca9de82fb58b1/c/p/cp_970x600.jpg
11,REP Competition Bumper Plates (LB),Varies,Out of Stock,https://www.repfitness.com/bars-plates/olympic-plates/rep-competition-bumper-plates-lb,Repfitness,Plates,https://www.repfitness.com/media/catalog/product/cache/1/image/750x/17f82f742ffe127f42dca9de82fb58b1/l/b/lbcbp_970x600.jpg
12,REP Competition Bumper Plates (KG),Varies,Out of Stock,https://www.repfitness.com/bars-plates/olympic-plates/rep-competition-bumper-plates-kg,Repfitness,Plates,https://www.repfitness.com/media/catalog/product/cache/1/image/750x/17f82f742ffe127f42dca9de82fb58b1/k/g/kgcbp_970x600.jpg
13,Fractional Plate Set (Lb),Varies,Out of Stock,https://www.repfitness.com/bars-plates/olympic-plates/fractional-change-plate-set-lb,Repfitness,Plates,https://www.repfitness.com/media/catalog/product/cache/1/image/750x/17f82f742ffe127f42dca9de82fb58b1/f/r/fractional_lb_plates_header_main.jpg
14,Fractional Plate Set (Kg),Varies,Out of Stock,https://www.repfitness.com/bars-plates/olympic-plates/fractional-change-plate-set-kg,Repfitness,Plates,https://www.repfitness.com/media/catalog/product/cache/1/image/750x/17f82f742ffe127f42dca9de82fb58b1/f/r/fractional_kg_plates_header_main.jpg
0,The Ohio Bar - Cerakote,$325.00,In Stock,https://www.roguefitness.com/the-ohio-bar-cerakote,Rogue Fitness,Barbell,https://www.roguefitness.com/media/rogue/sli/product/o/h/ohio-red_3.jpg
1,Rogue TB-2 Trap Bar,$375.00,In Stock,https://www.roguefitness.com/rogue-tb-2-trap-bar,Rogue Fitness,Barbell,https://www.roguefitness.com/media/rogue/sli/product/r/o/rogue-tb2-updated-000-th.jpg
2,The Bella Bar 2.0 - E-Coat,$215.00,In Stock,https://www.roguefitness.com/the-bella-bar-2-0-e-coat,Rogue Fitness,Barbell,https://www.roguefitness.com/media/rogue/sli/product/b/e/bella_ecoat_th.jpg
3,SB-1 - Rogue Safety Squat Bar,$395.00,In Stock,https://www.roguefitness.com/sb-1-rogue-safety-squat-bar,Rogue Fitness,Barbell,https://www.roguefitness.com/media/rogue/sli/product/s/a/safety-squat-bar-th1.jpg
4,Rogue 45LB Ohio Power Bar - Bare Steel,$265.00,In Stock,https://www.roguefitness.com/rogue-45lb-ohio-power-bar-bare-steel,Rogue Fitness,Barbell,https://www.roguefitness.com/media/rogue/sli/product/r/a/ra0586-rwrw_1.jpg
5,The Rogue Axle - Powdercoated,$125.00,In Stock,https://www.roguefitness.com/the-rogue-axle,Rogue Fitness,Barbell,https://www.roguefitness.com/media/rogue/sli/product/a/x/axle-bar-th_1_2.jpg
6,Rogue TB-1 Trap Bar 2.0,$295.00,In Stock,https://www.roguefitness.com/rogue-tb-1-trap-bar-2-0,Rogue Fitness,Barbell,https://www.roguefitness.com/media/rogue/sli/product/r/o/rogue-tb-updated-006-th.jpg
7,Mutt Bars,$106.50,In Stock,https://www.roguefitness.com/mutt-bars,Rogue Fitness,Barbell,https://www.roguefitness.com/media/rogue/sli/product/m/u/mutt-bar-th2.jpg
8,Rogue MG-3 Multi Grip Bar,$275.00,In Stock,https://www.roguefitness.com/rogue-mg-3-multi-grip-bar,Rogue Fitness,Barbell,https://www.roguefitness.com/media/rogue/sli/product/m/u/multi-gip-bar-th1.jpg
9,Rogue Stubby Axle,$95.00,In Stock,https://www.roguefitness.com/rogue-stubby-axle,Rogue Fitness,Barbell,https://www.roguefitness.com/media/rogue/sli/product/s/t/stubby-axle-th_2_1.jpg
10,Rogue MG-2 Multi Grip Bars,$245.00,In Stock,https://www.roguefitness.com/rogue-mg-2-multi-grip-bars,Rogue Fitness,Barbell,https://www.roguefitness.com/media/rogue/sli/product/r/o/rogue-multi-grip-bars-th.jpg
11,Rogue War Bar,$13.25,In Stock,https://www.roguefitness.com/rogue-war-bar,Rogue Fitness,Barbell,https://www.roguefitness.com/media/rogue/sli/product/w/a/war-bar-th_4.jpg
12,Rogue T-15LB Technique Bar,$152.50,In Stock,https://www.roguefitness.com/rogue-t-15-lb-technique-bar,Rogue Fitness,Barbell,https://www.roguefitness.com/media/rogue/sli/product/1/5/15lb-technique-bar-th_1.jpg
13,Rogue Barbell Cleaning Kit,$9.50,In Stock,https://www.roguefitness.com/rogue-barbell-cleaning-kit,Rogue Fitness,Barbell,https://www.roguefitness.com/media/rogue/sli/product/b/a/bar-cleaning-kit-th.jpg
14,Rogue MG-1 Multi Grip Bar 2.0,$275.00,In Stock,https://www.roguefitness.com/rogue-mg-1-multi-grip-bar-2-0,Rogue Fitness,Barbell,https://www.roguefitness.com/media/rogue/sli/product/r/o/rogue-multi-handle-bars-th.jpg
15,CB-1 Rogue Camber Bar,$295.00,In Stock,https://www.roguefitness.com/cb-1-rogue-camber-bar,Rogue Fitness,Barbell,https://www.roguefitness.com/media/rogue/sli/product/c/b/cb-1-rogue-camber-bar-web-th1.jpg
16,Branch & Beam,$170.00,In Stock,https://www.roguefitness.com/branch-beam-stud,Rogue Fitness,Barbell,https://www.roguefitness.com/media/rogue/sli/product/b/e/beam-th-1.jpg
17,Proloc™ Camber Bar Attachment,$132.00,In Stock,https://www.roguefitness.com/proloc-camber-bar-attachment,Rogue Fitness,Barbell,https://www.roguefitness.com/media/rogue/sli/product/p/r/proloc-camber-th.jpg
18,"LB-1 Rogue 10"" Log Bar",$465.00,In Stock,https://www.roguefitness.com/log-bar,Rogue Fitness,Barbell,https://www.roguefitness.com/media/rogue/sli/product/1/0/10inch-log-bar-th1.jpg
19,Bandbell E-Maxx Bar,$319.00,In Stock,https://www.roguefitness.com/bandbell-e-maxx-bar,Rogue Fitness,Barbell,https://www.roguefitness.com/media/rogue/sli/product/b/a/bandbell-e-maxx-bar-th_2.jpg
20,BandBell Bars,$289.00,In Stock,https://www.roguefitness.com/bandbell-bars,Rogue Fitness,Barbell,https://www.roguefitness.com/media/rogue/sli/product/b/a/bamboo-earthquake-bar-th.jpg
21,LB-3 Rogue 12” Log Bar,$595.00,In Stock,https://www.roguefitness.com/lb-3-rogue-12-log-bar,Rogue Fitness,Barbell,https://www.roguefitness.com/media/rogue/sli/product/l/o/log-bar-th_5.jpg
22,Rogue Barbell Carry Bag,$45.00,In Stock,https://www.roguefitness.com/rogue-barbell-carry-bag,Rogue Fitness,Barbell,https://www.roguefitness.com/media/rogue/sli/product/b/a/barbell-bag-th.jpg
23,"LB-2 Rogue 8"" Log Bar",$345.00,In Stock,https://www.roguefitness.com/lb-2-rogue-8-log-bar,Rogue Fitness,Barbell,https://www.roguefitness.com/media/rogue/sli/product/8/i/8inch-bar-th.jpg
24,The Ohio Bar - Black Zinc,$285.00,In Stock,https://www.roguefitness.com/the-ohio-bar-black-zinc,Rogue Fitness,Barbell,https://www.roguefitness.com/media/rogue/sli/product/r/a/ra0539-blbr.jpg
25,The Bella Bar 2.0 - Black Zinc,$215.00,In Stock,https://www.roguefitness.com/rogue-bella-bar-2-0-black-zinc,Rogue Fitness,Barbell,https://www.roguefitness.com/media/rogue/sli/product/r/o/rogue-bella-bar-2.0-web-th1_1_1_14.jpg
0,160LB Rogue Hi-Temp Bumper Set,$339.15,Out of Stock,https://www.roguefitness.com/rogue-hi-temp-bumper-plates,Rogue Fitness,Plates,https://www.roguefitness.com/media/catalog/product/cache/1/rogue_header_2015/472321edac810f9b2465a359d8cdc0b5/h/i/hitemps-lg.jpg
1,190LB Rogue Hi-Temp Bumper Set,$397.50,Out of Stock,https://www.roguefitness.com/rogue-hi-temp-bumper-plates,Rogue Fitness,Plates,https://www.roguefitness.com/media/catalog/product/cache/1/rogue_header_2015/472321edac810f9b2465a359d8cdc0b5/h/i/hitemps-lg.jpg
2,210LB Rogue Hi-Temp Bumper Set,$435.00,Out of Stock,https://www.roguefitness.com/rogue-hi-temp-bumper-plates,Rogue Fitness,Plates,https://www.roguefitness.com/media/catalog/product/cache/1/rogue_header_2015/472321edac810f9b2465a359d8cdc0b5/h/i/hitemps-lg.jpg
3,230LB Rogue Hi-Temp Bumper Set,$465.00,Out of Stock,https://www.roguefitness.com/rogue-hi-temp-bumper-plates,Rogue Fitness,Plates,https://www.roguefitness.com/media/catalog/product/cache/1/rogue_header_2015/472321edac810f9b2465a359d8cdc0b5/h/i/hitemps-lg.jpg
4,260LB Rogue Hi-Temp Bumper Set,$525.00,Out of Stock,https://www.roguefitness.com/rogue-hi-temp-bumper-plates,Rogue Fitness,Plates,https://www.roguefitness.com/media/catalog/product/cache/1/rogue_header_2015/472321edac810f9b2465a359d8cdc0b5/h/i/hitemps-lg.jpg
5,350LB Rogue Hi-Temp Bumper Set,$700.00,Out of Stock,https://www.roguefitness.com/rogue-hi-temp-bumper-plates,Rogue Fitness,Plates,https://www.roguefitness.com/media/catalog/product/cache/1/rogue_header_2015/472321edac810f9b2465a359d8cdc0b5/h/i/hitemps-lg.jpg
6,500LB Rogue Hi-Temp Bumper Set,$975.00,Out of Stock,https://www.roguefitness.com/rogue-hi-temp-bumper-plates,Rogue Fitness,Plates,https://www.roguefitness.com/media/catalog/product/cache/1/rogue_header_2015/472321edac810f9b2465a359d8cdc0b5/h/i/hitemps-lg.jpg
7,1000LB Rogue Hi-Temp Bumper Set,"$1,875.00",Out of Stock,https://www.roguefitness.com/rogue-hi-temp-bumper-plates,Rogue Fitness,Plates,https://www.roguefitness.com/media/catalog/product/cache/1/rogue_header_2015/472321edac810f9b2465a359d8cdc0b5/h/i/hitemps-lg.jpg
8,160LB Rogue US-MIL Spec Bumper Set,$335.00,Out of Stock,https://www.roguefitness.com/rogue-us-mil-sprc-bumper-plates,Rogue Fitness,Plates,https://www.roguefitness.com/media/catalog/product/cache/1/rogue_header_2015/472321edac810f9b2465a359d8cdc0b5/u/s/us-mil-spec-crumb-bumpers-h_v3.jpg
9,190LB Rogue US-MIL Spec Bumper Set,$395.00,Out of Stock,https://www.roguefitness.com/rogue-us-mil-sprc-bumper-plates,Rogue Fitness,Plates,https://www.roguefitness.com/media/catalog/product/cache/1/rogue_header_2015/472321edac810f9b2465a359d8cdc0b5/u/s/us-mil-spec-crumb-bumpers-h_v3.jpg
10,210LB Rogue US-MIL Spec Bumper Set,$435.00,Out of Stock,https://www.roguefitness.com/rogue-us-mil-sprc-bumper-plates,Rogue Fitness,Plates,https://www.roguefitness.com/media/catalog/product/cache/1/rogue_header_2015/472321edac810f9b2465a359d8cdc0b5/u/s/us-mil-spec-crumb-bumpers-h_v3.jpg
11,230LB Rogue US-MIL Spec Bumper Set,$465.00,Out of Stock,https://www.roguefitness.com/rogue-us-mil-sprc-bumper-plates,Rogue Fitness,Plates,https://www.roguefitness.com/media/catalog/product/cache/1/rogue_header_2015/472321edac810f9b2465a359d8cdc0b5/u/s/us-mil-spec-crumb-bumpers-h_v3.jpg
12,260LB Rogue US-MIL Spec Bumper Set,$525.00,Out of Stock,https://www.roguefitness.com/rogue-us-mil-sprc-bumper-plates,Rogue Fitness,Plates,https://www.roguefitness.com/media/catalog/product/cache/1/rogue_header_2015/472321edac810f9b2465a359d8cdc0b5/u/s/us-mil-spec-crumb-bumpers-h_v3.jpg
13,350LB Rogue US-MIL Spec Bumper Set,$700.00,Out of Stock,https://www.roguefitness.com/rogue-us-mil-sprc-bumper-plates,Rogue Fitness,Plates,https://www.roguefitness.com/media/catalog/product/cache/1/rogue_header_2015/472321edac810f9b2465a359d8cdc0b5/u/s/us-mil-spec-crumb-bumpers-h_v3.jpg
14,500LB Rogue US-MIL Spec Bumper Set,$975.00,Out of Stock,https://www.roguefitness.com/rogue-us-mil-sprc-bumper-plates,Rogue Fitness,Plates,https://www.roguefitness.com/media/catalog/product/cache/1/rogue_header_2015/472321edac810f9b2465a359d8cdc0b5/u/s/us-mil-spec-crumb-bumpers-h_v3.jpg
15,1000LB Rogue US-MIL Spec Bumper Set,"$1,875.00",Out of Stock,https://www.roguefitness.com/rogue-us-mil-sprc-bumper-plates,Rogue Fitness,Plates,https://www.roguefitness.com/media/catalog/product/cache/1/rogue_header_2015/472321edac810f9b2465a359d8cdc0b5/u/s/us-mil-spec-crumb-bumpers-h_v3.jpg
16,160LB HG 2.0 Set,$295.00,Out of Stock,https://www.roguefitness.com/rogue-hg-2-0-bumper-plates,Rogue Fitness,Plates,https://www.roguefitness.com/media/catalog/product/cache/1/rogue_header_2015/472321edac810f9b2465a359d8cdc0b5/h/g/hg22908-lg.jpg
17,230LB HG 2.0 Set,$415.00,Out of Stock,https://www.roguefitness.com/rogue-hg-2-0-bumper-plates,Rogue Fitness,Plates,https://www.roguefitness.com/media/catalog/product/cache/1/rogue_header_2015/472321edac810f9b2465a359d8cdc0b5/h/g/hg22908-lg.jpg
18,260LB HG 2.0 Set,$475.00,Out of Stock,https://www.roguefitness.com/rogue-hg-2-0-bumper-plates,Rogue Fitness,Plates,https://www.roguefitness.com/media/catalog/product/cache/1/rogue_header_2015/472321edac810f9b2465a359d8cdc0b5/h/g/hg22908-lg.jpg
19,350LB HG 2.0 Set,$605.00,Out of Stock,https://www.roguefitness.com/rogue-hg-2-0-bumper-plates,Rogue Fitness,Plates,https://www.roguefitness.com/media/catalog/product/cache/1/rogue_header_2015/472321edac810f9b2465a359d8cdc0b5/h/g/hg22908-lg.jpg
20,500LB HG 2.0 Set,$825.00,Out of Stock,https://www.roguefitness.com/rogue-hg-2-0-bumper-plates,Rogue Fitness,Plates,https://www.roguefitness.com/media/catalog/product/cache/1/rogue_header_2015/472321edac810f9b2465a359d8cdc0b5/h/g/hg22908-lg.jpg
21,1000LB HG 2.0 Set,"$1,574.00",Out of Stock,https://www.roguefitness.com/rogue-hg-2-0-bumper-plates,Rogue Fitness,Plates,https://www.roguefitness.com/media/catalog/product/cache/1/rogue_header_2015/472321edac810f9b2465a359d8cdc0b5/h/g/hg22908-lg.jpg
22,210LB Competition Plate Set,$810.00,Out of Stock,https://www.roguefitness.com/rogue-competition-plates,Rogue Fitness,Plates,https://www.roguefitness.com/media/catalog/product/cache/1/rogue_header_2015/472321edac810f9b2465a359d8cdc0b5/i/p/ip0125-lg.jpg
23,300LB Competition Plate Set,"$1,140.00",Out of Stock,https://www.roguefitness.com/rogue-competition-plates,Rogue Fitness,Plates,https://www.roguefitness.com/media/catalog/product/cache/1/rogue_header_2015/472321edac810f9b2465a359d8cdc0b5/i/p/ip0125-lg.jpg
24,320LB Competition Plate Set,"$1,198.00",Out of Stock,https://www.roguefitness.com/rogue-competition-plates,Rogue Fitness,Plates,https://www.roguefitness.com/media/catalog/product/cache/1/rogue_header_2015/472321edac810f9b2465a359d8cdc0b5/i/p/ip0125-lg.jpg
25,90KG Competition Plate Set (IWF),$685.00,Out of Stock,https://www.roguefitness.com/rogue-kg-competition-plates-iwf,Rogue Fitness,Plates,https://www.roguefitness.com/media/catalog/product/cache/1/rogue_header_2015/472321edac810f9b2465a359d8cdc0b5/i/w/iwf-competition-bumpers-h-graphics.jpg
26,110KG Competition Plate Set (IWF),$835.00,Out of Stock,https://www.roguefitness.com/rogue-kg-competition-plates-iwf,Rogue Fitness,Plates,https://www.roguefitness.com/media/catalog/product/cache/1/rogue_header_2015/472321edac810f9b2465a359d8cdc0b5/i/w/iwf-competition-bumpers-h-graphics.jpg
27,120KG Competition Plate Set (IWF),$900.00,Out of Stock,https://www.roguefitness.com/rogue-kg-competition-plates-iwf,Rogue Fitness,Plates,https://www.roguefitness.com/media/catalog/product/cache/1/rogue_header_2015/472321edac810f9b2465a359d8cdc0b5/i/w/iwf-competition-bumpers-h-graphics.jpg
28,140KG Competition Plate Set (IWF),"$1,035.00",Out of Stock,https://www.roguefitness.com/rogue-kg-competition-plates-iwf,Rogue Fitness,Plates,https://www.roguefitness.com/media/catalog/product/cache/1/rogue_header_2015/472321edac810f9b2465a359d8cdc0b5/i/w/iwf-competition-bumpers-h-graphics.jpg
29,210LB Black Training Set,$738.00,Out of Stock,https://www.roguefitness.com/rogue-black-training-lb-color-stripe-plates,Rogue Fitness,Plates,https://www.roguefitness.com/media/catalog/product/cache/1/rogue_header_2015/472321edac810f9b2465a359d8cdc0b5/c/o/color-stripe-bumpers-h1_2.jpg
30,300LB Black Training Set,"$1,013.00",Out of Stock,https://www.roguefitness.com/rogue-black-training-lb-color-stripe-plates,Rogue Fitness,Plates,https://www.roguefitness.com/media/catalog/product/cache/1/rogue_header_2015/472321edac810f9b2465a359d8cdc0b5/c/o/color-stripe-bumpers-h1_2.jpg
31,320LB Black Training Set,"$1,066.00",Out of Stock,https://www.roguefitness.com/rogue-black-training-lb-color-stripe-plates,Rogue Fitness,Plates,https://www.roguefitness.com/media/catalog/product/cache/1/rogue_header_2015/472321edac810f9b2465a359d8cdc0b5/c/o/color-stripe-bumpers-h1_2.jpg
32,90KG Black Training Set,$702.00,Out of Stock,https://www.roguefitness.com/rogue-black-training-kg-striped-plates,Rogue Fitness,Plates,https://www.roguefitness.com/media/catalog/product/cache/1/rogue_header_2015/472321edac810f9b2465a359d8cdc0b5/k/g/kg-striped-competition-plates-lg.jpg
33,110KG Black Training Set,$824.00,Out of Stock,https://www.roguefitness.com/rogue-black-training-kg-striped-plates,Rogue Fitness,Plates,https://www.roguefitness.com/media/catalog/product/cache/1/rogue_header_2015/472321edac810f9b2465a359d8cdc0b5/k/g/kg-striped-competition-plates-lg.jpg
34,120KG Black Training Set,$882.00,Out of Stock,https://www.roguefitness.com/rogue-black-training-kg-striped-plates,Rogue Fitness,Plates,https://www.roguefitness.com/media/catalog/product/cache/1/rogue_header_2015/472321edac810f9b2465a359d8cdc0b5/k/g/kg-striped-competition-plates-lg.jpg
35,140KG Black Training Set,"$1,054.00",Out of Stock,https://www.roguefitness.com/rogue-black-training-kg-striped-plates,Rogue Fitness,Plates,https://www.roguefitness.com/media/catalog/product/cache/1/rogue_header_2015/472321edac810f9b2465a359d8cdc0b5/k/g/kg-striped-competition-plates-lg.jpg
36,210LB Color Training Plate 2.0 Set,$690.00,Out of Stock,https://www.roguefitness.com/rogue-color-lb-training-2-0-plates,Rogue Fitness,Plates,https://www.roguefitness.com/media/catalog/product/cache/1/rogue_header_2015/472321edac810f9b2465a359d8cdc0b5/i/p/ip0510-lg.jpg
37,300LB Color Training Plate 2.0 Set,$957.00,Out of Stock,https://www.roguefitness.com/rogue-color-lb-training-2-0-plates,Rogue Fitness,Plates,https://www.roguefitness.com/media/catalog/product/cache/1/rogue_header_2015/472321edac810f9b2465a359d8cdc0b5/i/p/ip0510-lg.jpg
38,320LB Color Training Plate 2.0 Set,"$1,025.00",Out of Stock,https://www.roguefitness.com/rogue-color-lb-training-2-0-plates,Rogue Fitness,Plates,https://www.roguefitness.com/media/catalog/product/cache/1/rogue_header_2015/472321edac810f9b2465a359d8cdc0b5/i/p/ip0510-lg.jpg
39,90KG Color Training Plate 2.0 Set (IWF),$658.00,Out of Stock,https://www.roguefitness.com/rogue-color-kg-training-2-0-plates-iwf,Rogue Fitness,Plates,https://www.roguefitness.com/media/catalog/product/cache/1/rogue_header_2015/472321edac810f9b2465a359d8cdc0b5/i/w/iwf-training-bumpers-h-graphics.jpg
40,110KG Color Training Plate 2.0 Set (IWF),$804.00,Out of Stock,https://www.roguefitness.com/rogue-color-kg-training-2-0-plates-iwf,Rogue Fitness,Plates,https://www.roguefitness.com/media/catalog/product/cache/1/rogue_header_2015/472321edac810f9b2465a359d8cdc0b5/i/w/iwf-training-bumpers-h-graphics.jpg
41,120KG Color Training Plate 2.0 Set (IWF),$878.00,Out of Stock,https://www.roguefitness.com/rogue-color-kg-training-2-0-plates-iwf,Rogue Fitness,Plates,https://www.roguefitness.com/media/catalog/product/cache/1/rogue_header_2015/472321edac810f9b2465a359d8cdc0b5/i/w/iwf-training-bumpers-h-graphics.jpg
42,140KG Color Training Plate 2.0 Set (IWF),"$1,024.00",Out of Stock,https://www.roguefitness.com/rogue-color-kg-training-2-0-plates-iwf,Rogue Fitness,Plates,https://www.roguefitness.com/media/catalog/product/cache/1/rogue_header_2015/472321edac810f9b2465a359d8cdc0b5/i/w/iwf-training-bumpers-h-graphics.jpg
43,210LB Training 2.0 Set,$657.00,Out of Stock,https://www.roguefitness.com/rogue-lb-training-2-0-plates,Rogue Fitness,Plates,https://www.roguefitness.com/media/catalog/product/cache/1/rogue_header_2015/472321edac810f9b2465a359d8cdc0b5/i/p/ip0512-lg.jpg
44,300LB Training 2.0 Set,$930.00,Out of Stock,https://www.roguefitness.com/rogue-lb-training-2-0-plates,Rogue Fitness,Plates,https://www.roguefitness.com/media/catalog/product/cache/1/rogue_header_2015/472321edac810f9b2465a359d8cdc0b5/i/p/ip0512-lg.jpg
45,320LB Training 2.0 Set,$982.00,Out of Stock,https://www.roguefitness.com/rogue-lb-training-2-0-plates,Rogue Fitness,Plates,https://www.roguefitness.com/media/catalog/product/cache/1/rogue_header_2015/472321edac810f9b2465a359d8cdc0b5/i/p/ip0512-lg.jpg
46,90KG Training Plate 2.0 Set,$643.00,Out of Stock,https://www.roguefitness.com/rogue-kg-training-2-0-plates,Rogue Fitness,Plates,https://www.roguefitness.com/media/catalog/product/cache/1/rogue_header_2015/472321edac810f9b2465a359d8cdc0b5/i/p/ip0513-lg.jpg
47,110KG Training Plate 2.0 Set,$783.00,Out of Stock,https://www.roguefitness.com/rogue-kg-training-2-0-plates,Rogue Fitness,Plates,https://www.roguefitness.com/media/catalog/product/cache/1/rogue_header_2015/472321edac810f9b2465a359d8cdc0b5/i/p/ip0513-lg.jpg
48,120KG Training Plate 2.0 Set,$851.00,Out of Stock,https://www.roguefitness.com/rogue-kg-training-2-0-plates,Rogue Fitness,Plates,https://www.roguefitness.com/media/catalog/product/cache/1/rogue_header_2015/472321edac810f9b2465a359d8cdc0b5/i/p/ip0513-lg.jpg
49,140KG Training Plate 2.0 Set,$991.00,Out of Stock,https://www.roguefitness.com/rogue-kg-training-2-0-plates,Rogue Fitness,Plates,https://www.roguefitness.com/media/catalog/product/cache/1/rogue_header_2015/472321edac810f9b2465a359d8cdc0b5/i/p/ip0513-lg.jpg
50,358.5LB Calibrated Plate Set,$910.00,Out of Stock,https://www.roguefitness.com/rogue-calibrated-lb-steel-plates,Rogue Fitness,Plates,https://www.roguefitness.com/media/catalog/product/cache/1/rogue_header_2015/472321edac810f9b2465a359d8cdc0b5/l/b/lb-calibrated-plate-header.jpg
51,1018.5LB Calibrated Plate Set,"$2,075.00",Out of Stock,https://www.roguefitness.com/rogue-calibrated-lb-steel-plates,Rogue Fitness,Plates,https://www.roguefitness.com/media/catalog/product/cache/1/rogue_header_2015/472321edac810f9b2465a359d8cdc0b5/l/b/lb-calibrated-plate-header.jpg
52,0.5LB Calibrated Plate - Pair,$25.00,Out of Stock,https://www.roguefitness.com/rogue-calibrated-lb-steel-plates,Rogue Fitness,Plates,https://www.roguefitness.com/media/catalog/product/cache/1/rogue_header_2015/472321edac810f9b2465a359d8cdc0b5/l/b/lb-calibrated-plate-header.jpg
53,1LB Calibrated Plate - Pair,$33.00,Out of Stock,https://www.roguefitness.com/rogue-calibrated-lb-steel-plates,Rogue Fitness,Plates,https://www.roguefitness.com/media/catalog/product/cache/1/rogue_header_2015/472321edac810f9b2465a359d8cdc0b5/l/b/lb-calibrated-plate-header.jpg
54,2.5LB Calibrated Plate - Pair,$42.00,Out of Stock,https://www.roguefitness.com/rogue-calibrated-lb-steel-plates,Rogue Fitness,Plates,https://www.roguefitness.com/media/catalog/product/cache/1/rogue_header_2015/472321edac810f9b2465a359d8cdc0b5/l/b/lb-calibrated-plate-header.jpg
55,Rogue 12-sided Urethane Grip Plate - 245LB Set,$750.00,Out of Stock,https://www.roguefitness.com/rogue-12-sided-urethane-grip-plates,Rogue Fitness,Plates,https://www.roguefitness.com/media/catalog/product/cache/1/rogue_header_2015/472321edac810f9b2465a359d8cdc0b5/1/2/12-sided-plates-h.jpg
56,245LB Machined Olympic Plate Set,$582.00,Out of Stock,https://www.roguefitness.com/rogue-machined-olympic-plates,Rogue Fitness,Plates,https://www.roguefitness.com/media/catalog/product/cache/1/rogue_header_2015/472321edac810f9b2465a359d8cdc0b5/n/e/new-rogue-machined-olympic-plates-header-update_1_.jpg
57,160LB Rogue Fleck Plate Set,$315.00,Out of Stock,https://www.roguefitness.com/rogue-fleck-plates,Rogue Fitness,Plates,https://www.roguefitness.com/media/catalog/product/cache/1/rogue_header_2015/472321edac810f9b2465a359d8cdc0b5/r/o/rogue-fleck-plates-header.png
58,230LB Rogue Fleck Plate Set,$430.00,Out of Stock,https://www.roguefitness.com/rogue-fleck-plates,Rogue Fitness,Plates,https://www.roguefitness.com/media/catalog/product/cache/1/rogue_header_2015/472321edac810f9b2465a359d8cdc0b5/r/o/rogue-fleck-plates-header.png
59,260LB Rogue Fleck Plate Set,$480.00,Out of Stock,https://www.roguefitness.com/rogue-fleck-plates,Rogue Fitness,Plates,https://www.roguefitness.com/media/catalog/product/cache/1/rogue_header_2015/472321edac810f9b2465a359d8cdc0b5/r/o/rogue-fleck-plates-header.png
60,350LB Rogue Fleck Plate Set,$625.00,Out of Stock,https://www.roguefitness.com/rogue-fleck-plates,Rogue Fitness,Plates,https://www.roguefitness.com/media/catalog/product/cache/1/rogue_header_2015/472321edac810f9b2465a359d8cdc0b5/r/o/rogue-fleck-plates-header.png
61,160LB Rogue Echo Bumper Set V2,$285.00,Out of Stock,https://www.roguefitness.com/rogue-echo-bumper-plates-with-white-text,Rogue Fitness,Plates,https://www.roguefitness.com/media/catalog/product/cache/1/rogue_header_2015/472321edac810f9b2465a359d8cdc0b5/r/o/rogue-echo-bumper-plate-h.jpg
62,230LB Rogue Echo Bumper Set V2,$405.00,Out of Stock,https://www.roguefitness.com/rogue-echo-bumper-plates-with-white-text,Rogue Fitness,Plates,https://www.roguefitness.com/media/catalog/product/cache/1/rogue_header_2015/472321edac810f9b2465a359d8cdc0b5/r/o/rogue-echo-bumper-plate-h.jpg
63,260LB Rogue Echo Bumper Set V2,$450.00,Out of Stock,https://www.roguefitness.com/rogue-echo-bumper-plates-with-white-text,Rogue Fitness,Plates,https://www.roguefitness.com/media/catalog/product/cache/1/rogue_header_2015/472321edac810f9b2465a359d8cdc0b5/r/o/rogue-echo-bumper-plate-h.jpg
64,160LB MIL Spec Echo Bumper Set,$275.00,Out of Stock,https://www.roguefitness.com/rogue-mil-echo-bumper-plates-black,Rogue Fitness,Plates,https://www.roguefitness.com/media/catalog/product/cache/1/rogue_header_2015/472321edac810f9b2465a359d8cdc0b5/r/o/rogue-mil-spec-echo-bumper-plate-h.jpg
65,230LB MIL Spec Echo Bumper Set,$395.00,Out of Stock,https://www.roguefitness.com/rogue-mil-echo-bumper-plates-black,Rogue Fitness,Plates,https://www.roguefitness.com/media/catalog/product/cache/1/rogue_header_2015/472321edac810f9b2465a359d8cdc0b5/r/o/rogue-mil-spec-echo-bumper-plate-h.jpg
66,260LB MIL Spec Echo Bumper Set,$435.00,Out of Stock,https://www.roguefitness.com/rogue-mil-echo-bumper-plates-black,Rogue Fitness,Plates,https://www.roguefitness.com/media/catalog/product/cache/1/rogue_header_2015/472321edac810f9b2465a359d8cdc0b5/r/o/rogue-mil-spec-echo-bumper-plate-h.jpg
67,160LB Rogue Color Echo Bumper Set,$335.00,Out of Stock,https://www.roguefitness.com/rogue-color-echo-bumper-plate,Rogue Fitness,Plates,https://www.roguefitness.com/media/catalog/product/cache/1/rogue_header_2015/472321edac810f9b2465a359d8cdc0b5/r/o/rogue-colored-echo-bumper-h1.jpg
68,210LB Rogue Color Echo Bumper Set,$435.00,Out of Stock,https://www.roguefitness.com/rogue-color-echo-bumper-plate,Rogue Fitness,Plates,https://www.roguefitness.com/media/catalog/product/cache/1/rogue_header_2015/472321edac810f9b2465a359d8cdc0b5/r/o/rogue-colored-echo-bumper-h1.jpg
69,230LB Rogue Color Echo Bumper Set,$480.00,Out of Stock,https://www.roguefitness.com/rogue-color-echo-bumper-plate,Rogue Fitness,Plates,https://www.roguefitness.com/media/catalog/product/cache/1/rogue_header_2015/472321edac810f9b2465a359d8cdc0b5/r/o/rogue-colored-echo-bumper-h1.jpg
70,260LB Rogue Color Echo Bumper Set,$535.00,Out of Stock,https://www.roguefitness.com/rogue-color-echo-bumper-plate,Rogue Fitness,Plates,https://www.roguefitness.com/media/catalog/product/cache/1/rogue_header_2015/472321edac810f9b2465a359d8cdc0b5/r/o/rogue-colored-echo-bumper-h1.jpg
71,320LB Rogue Color Echo Bumper Set,$655.00,Out of Stock,https://www.roguefitness.com/rogue-color-echo-bumper-plate,Rogue Fitness,Plates,https://www.roguefitness.com/media/catalog/product/cache/1/rogue_header_2015/472321edac810f9b2465a359d8cdc0b5/r/o/rogue-colored-echo-bumper-h1.jpg
72,350LB Rogue Color Echo Bumper Set,$710.00,Out of Stock,https://www.roguefitness.com/rogue-color-echo-bumper-plate,Rogue Fitness,Plates,https://www.roguefitness.com/media/catalog/product/cache/1/rogue_header_2015/472321edac810f9b2465a359d8cdc0b5/r/o/rogue-colored-echo-bumper-h1.jpg
73,Rogue Dumbbell Bumper Set,$367.50,,https://www.roguefitness.com/rogue-dumbbell-bumpers,Rogue Fitness,Plates,https://www.roguefitness.com/media/catalog/product/cache/1/rogue_header_2015/472321edac810f9b2465a359d8cdc0b5/r/o/rogue-dumbbell-bumpers-header3_1.jpg
74,Rogue DB-15 Loadable Dumbbell,$135.00,,https://www.roguefitness.com/rogue-dumbbell-bumpers,Rogue Fitness,Plates,https://www.roguefitness.com/media/catalog/product/cache/1/rogue_header_2015/472321edac810f9b2465a359d8cdc0b5/r/o/rogue-dumbbell-bumpers-header3_1.jpg
75,210LB Rogue Urethane Plate Set,$750.00,Out of Stock,https://www.roguefitness.com/rogue-urethane-plates,Rogue Fitness,Plates,https://www.roguefitness.com/media/catalog/product/cache/1/rogue_header_2015/472321edac810f9b2465a359d8cdc0b5/i/p/ip0650-lg.jpg
76,300LB Rogue Urethane Plate Set,"$1,050.00",Out of Stock,https://www.roguefitness.com/rogue-urethane-plates,Rogue Fitness,Plates,https://www.roguefitness.com/media/catalog/product/cache/1/rogue_header_2015/472321edac810f9b2465a359d8cdc0b5/i/p/ip0650-lg.jpg
77,320LB Rogue Urethane Plate Set,"$1,100.00",Out of Stock,https://www.roguefitness.com/rogue-urethane-plates,Rogue Fitness,Plates,https://www.roguefitness.com/media/catalog/product/cache/1/rogue_header_2015/472321edac810f9b2465a359d8cdc0b5/i/p/ip0650-lg.jpg
78,340LB Rogue Urethane Plate Set,"$1,150.00",Out of Stock,https://www.roguefitness.com/rogue-urethane-plates,Rogue Fitness,Plates,https://www.roguefitness.com/media/catalog/product/cache/1/rogue_header_2015/472321edac810f9b2465a359d8cdc0b5/i/p/ip0650-lg.jpg
79,210LB Competition Hi-Temp Plate Set,$630.00,Out of Stock,https://www.roguefitness.com/rogue-hi-temp-competition-training-plates,Rogue Fitness,Plates,https://www.roguefitness.com/media/catalog/product/cache/1/rogue_header_2015/472321edac810f9b2465a359d8cdc0b5/c/o/colr-hi-temp-header1.jpg
80,240LB Competition Hi-Temp Plate Set,$710.00,Out of Stock,https://www.roguefitness.com/rogue-hi-temp-competition-training-plates,Rogue Fitness,Plates,https://www.roguefitness.com/media/catalog/product/cache/1/rogue_header_2015/472321edac810f9b2465a359d8cdc0b5/c/o/colr-hi-temp-header1.jpg
81,245LB Urethane 6-Shooter Grip Plate Set,$817.00,Out of Stock,https://www.roguefitness.com/rogue-6-shooter-urethane-olympic-grip-plates,Rogue Fitness,Plates,https://www.roguefitness.com/media/catalog/product/cache/1/rogue_header_2015/472321edac810f9b2465a359d8cdc0b5/r/o/rogue-6-shooter-plates-h1.jpg
82,245LB 6-Shooter Olympic Grip Plate Set,$575.00,Out of Stock,https://www.roguefitness.com/rogue-6-shooter-olympic-plates,Rogue Fitness,Plates,https://www.roguefitness.com/media/catalog/product/cache/1/rogue_header_2015/472321edac810f9b2465a359d8cdc0b5/n/e/new-rogue-6-shooter-olympic-grip-plates-header_1_.jpg
83,159KG Calibrated Plate Set,$885.00,Out of Stock,https://www.roguefitness.com/rogue-calibrated-kg-steel-plates,Rogue Fitness,Plates,https://www.roguefitness.com/media/catalog/product/cache/1/rogue_header_2015/472321edac810f9b2465a359d8cdc0b5/i/p/ipf-calibrated-plate-lg-2_copy.jpg
84,459KG Calibrated Plate Set,"$2,060.00",Out of Stock,https://www.roguefitness.com/rogue-calibrated-kg-steel-plates,Rogue Fitness,Plates,https://www.roguefitness.com/media/catalog/product/cache/1/rogue_header_2015/472321edac810f9b2465a359d8cdc0b5/i/p/ipf-calibrated-plate-lg-2_copy.jpg
85,90KG Bumper Set,$389.00,Out of Stock,https://www.roguefitness.com/kg-rogue-bumpers,Rogue Fitness,Plates,https://www.roguefitness.com/media/catalog/product/cache/1/rogue_header_2015/472321edac810f9b2465a359d8cdc0b5/i/p/ip0515-lg_1.jpg
86,110KG Bumper Set,$461.00,Out of Stock,https://www.roguefitness.com/kg-rogue-bumpers,Rogue Fitness,Plates,https://www.roguefitness.com/media/catalog/product/cache/1/rogue_header_2015/472321edac810f9b2465a359d8cdc0b5/i/p/ip0515-lg_1.jpg
87,120KG Bumper Set,$485.00,Out of Stock,https://www.roguefitness.com/kg-rogue-bumpers,Rogue Fitness,Plates,https://www.roguefitness.com/media/catalog/product/cache/1/rogue_header_2015/472321edac810f9b2465a359d8cdc0b5/i/p/ip0515-lg_1.jpg
88,140KG Bumper Set,$554.00,Out of Stock,https://www.roguefitness.com/kg-rogue-bumpers,Rogue Fitness,Plates,https://www.roguefitness.com/media/catalog/product/cache/1/rogue_header_2015/472321edac810f9b2465a359d8cdc0b5/i/p/ip0515-lg_1.jpg
89,150KG Bumper Set,$598.00,Out of Stock,https://www.roguefitness.com/kg-rogue-bumpers,Rogue Fitness,Plates,https://www.roguefitness.com/media/catalog/product/cache/1/rogue_header_2015/472321edac810f9b2465a359d8cdc0b5/i/p/ip0515-lg_1.jpg
90,Rogue Fractional Plate - 5LB Full Set,$65.00,Out of Stock,https://www.roguefitness.com/rogue-lb-fractional-plates,Rogue Fitness,Plates,https://www.roguefitness.com/media/catalog/product/cache/1/rogue_header_2015/472321edac810f9b2465a359d8cdc0b5/2/0/2016-rogue-lg-fractional-plate-h.jpg
91,25KG FG Change Plate Set (IWF),$310.00,Out of Stock,https://www.roguefitness.com/rogue-friction-grip-kg-change-plates-iwf,Rogue Fitness,Plates,https://www.roguefitness.com/media/catalog/product/cache/1/rogue_header_2015/472321edac810f9b2465a359d8cdc0b5/i/w/iwf-kg-change-plate-header.jpg
92,37.5LB Change Plate Set,$190.00,Out of Stock,https://www.roguefitness.com/rogue-lb-change-plates,Rogue Fitness,Plates,https://www.roguefitness.com/media/catalog/product/cache/1/rogue_header_2015/472321edac810f9b2465a359d8cdc0b5/r/o/rogue-lb-change-plates-h2_4.jpg
93,35LB Change Plate Set,$173.25,Out of Stock,https://www.roguefitness.com/rogue-lb-change-plates,Rogue Fitness,Plates,https://www.roguefitness.com/media/catalog/product/cache/1/rogue_header_2015/472321edac810f9b2465a359d8cdc0b5/r/o/rogue-lb-change-plates-h2_4.jpg
94,25KG Change Plate Set (IWF),$280.00,Out of Stock,https://www.roguefitness.com/rogue-kg-change-plates,Rogue Fitness,Plates,https://www.roguefitness.com/media/catalog/product/cache/1/rogue_header_2015/472321edac810f9b2465a359d8cdc0b5/i/p/ip0170-h.jpg
95,Rogue KG Fractional Plates - 0.75KG Set,$33.00,Out of Stock,https://www.roguefitness.com/rogue-kg-fractional-plates,Rogue Fitness,Plates,https://www.roguefitness.com/media/catalog/product/cache/1/rogue_header_2015/472321edac810f9b2465a359d8cdc0b5/2/0/2016-rogue-kg-fractional-plate-h.jpg
0,Blues City Olympic Barbell | Made In USA | Bronze Cerakote,$339.99,In Stock,https://www.titan.fitness/strength/barbells//strength/barbells/olympic/blues-city-olympic-barbell-%7C-made-in-usa-%7C-bronze-cerakote/400805.html,Titan Fitness,Barbell,https://www.titan.fitness/dw/image/v2/BDBZ_PRD/on/demandware.static/-/Sites-masterCatalog_Titan/default/dwa2285a63/images/hi-res/Fitness/400805_01.jpg?sw=800&sh=800
1,Atlas Bar – Men's 20KG Barbell,$224.99,Out of stock,https://www.titan.fitness/strength/barbells//strength/barbells/olympic/atlas-bar-%E2%80%93-men%27s-20kg-barbell/430090.html,Titan Fitness,Barbell,https://www.titan.fitness/dw/image/v2/BDBZ_PRD/on/demandware.static/-/Sites-masterCatalog_Titan/default/dwf92a6f29/images/hi-res/Fitness/430090_01.jpg?sw=800&sh=800
2,Economy Olympic Bar – 84-in,$109.99,Out of stock,https://www.titan.fitness/strength/barbells//strength/barbells/olympic/economy-olympic-bar-%E2%80%93-84-in/430085.html,Titan Fitness,Barbell,https://www.titan.fitness/dw/image/v2/BDBZ_PRD/on/demandware.static/-/Sites-masterCatalog_Titan/default/dw83ac105e/images/hi-res/Fitness/430085_01.jpg?sw=800&sh=800
3,60-in Olympic Bar – Chrome,$69.99,Out of stock,https://www.titan.fitness/strength/barbells//strength/barbells/olympic/60-in-olympic-bar-%E2%80%93-chrome/430001.2.html,Titan Fitness,Barbell,https://www.titan.fitness/dw/image/v2/BDBZ_PRD/on/demandware.static/-/Sites-masterCatalog_Titan/default/dw26956607/images/hi-res/Fitness/430001.2_01.jpg?sw=800&sh=800
4,Olympic Technique Bar – 72-in. Aluminum,$94.99,Out of stock,https://www.titan.fitness/strength/barbells//strength/barbells/olympic/olympic-technique-bar-%E2%80%93-72-in.-aluminum/429994.2.html,Titan Fitness,Barbell,https://www.titan.fitness/dw/image/v2/BDBZ_PRD/on/demandware.static/-/Sites-masterCatalog_Titan/default/dwd723725a/images/hi-res/Fitness/429994_01.jpg?sw=800&sh=800
5,Yukon Bar,$219.99,In Stock,https://www.titan.fitness/strength/barbells//strength/barbells/specialty/yukon-bar/430074.2.html,Titan Fitness,Barbell,https://www.titan.fitness/dw/image/v2/BDBZ_PRD/on/demandware.static/-/Sites-masterCatalog_Titan/default/dwbeeb6ee4/images/hi-res/Fitness/430074.2_01.jpg?sw=800&sh=800
6,Safety Squat Olympic Bar | v2,$229.99,Out of stock,https://www.titan.fitness/strength/barbells//strength/barbells/specialty/safety-squat-olympic-bar-%7C-v2/430063.2.html,Titan Fitness,Barbell,https://www.titan.fitness/dw/image/v2/BDBZ_PRD/on/demandware.static/-/Sites-masterCatalog_Titan/default/dw6c0f3025/images/hi-res/Fitness/430063.2_01.jpg?sw=800&sh=800
7,Rackable Hex Trap Bar – V2,$269.99,In Stock,https://www.titan.fitness/strength/barbells//strength/barbells/specialty/rackable-hex-trap-bar-%E2%80%93-v2/430077.2.html,Titan Fitness,Barbell,https://www.titan.fitness/dw/image/v2/BDBZ_PRD/on/demandware.static/-/Sites-masterCatalog_Titan/default/dw067eb087/images/hi-res/Fitness/430077.2_01.jpg?sw=800&sh=800
8,Swiss Bar,,Out of stock,https://www.titan.fitness/strength/barbells//strength/barbells/specialty/swiss-bar/430069.2.html,Titan Fitness,Barbell,https://www.titan.fitness/dw/image/v2/BDBZ_PRD/on/demandware.static/-/Sites-masterCatalog_Titan/default/dw551486ca/images/hi-res/Fitness/430069.2_01.jpg?sw=800&sh=800
9,Multi-Grip Camber Bar,$179.99,Out of stock,https://www.titan.fitness/strength/barbells//strength/barbells/specialty/multi-grip-camber-bar/430047.html,Titan Fitness,Barbell,https://www.titan.fitness/dw/image/v2/BDBZ_PRD/on/demandware.static/-/Sites-masterCatalog_Titan/default/dw93f1dcbd/images/hi-res/Fitness/430047_01.jpg?sw=800&sh=800
10,Seal Row Bar | v2,$149.99,Out of stock,https://www.titan.fitness/strength/barbells//strength/barbells/specialty/seal-row-bar-%7C-v2/430076.html,Titan Fitness,Barbell,https://www.titan.fitness/dw/image/v2/BDBZ_PRD/on/demandware.static/-/Sites-masterCatalog_Titan/default/dw89512dd9/images/hi-res/Fitness/430076_01.jpg?sw=800&sh=800
11,Rackable Camber Bar,$184.99,Out of stock,https://www.titan.fitness/strength/barbells//strength/barbells/specialty/rackable-camber-bar/430038.html,Titan Fitness,Barbell,https://www.titan.fitness/dw/image/v2/BDBZ_PRD/on/demandware.static/-/Sites-masterCatalog_Titan/default/dw0a81a33c/images/hi-res/Fitness/430038_03.jpg?sw=800&sh=800
12,Olympic Hex Weight Bar,$119.99,In Stock,https://www.titan.fitness/strength/barbells//strength/barbells/specialty/olympic-hex-weight-bar/430009.2.html,Titan Fitness,Barbell,https://www.titan.fitness/dw/image/v2/BDBZ_PRD/on/demandware.static/-/Sites-masterCatalog_Titan/default/dw57c34cd7/images/hi-res/Fitness/430009.2_01.jpg?sw=800&sh=800
13,EZ Load Hex Bar – v2,$164.99,Out of stock,https://www.titan.fitness/strength/barbells//strength/barbells/specialty/ez-load-hex-bar-%E2%80%93-v2/430072.2.html,Titan Fitness,Barbell,https://www.titan.fitness/dw/image/v2/BDBZ_PRD/on/demandware.static/-/Sites-masterCatalog_Titan/default/dw69e12c6c/images/hi-res/Fitness/430072.2_01.jpg?sw=800&sh=800
14,Axle Barbell – 84-in.,$69.99,In Stock,https://www.titan.fitness/strength/barbells//strength/barbells/olympic/axle-barbell-%E2%80%93-84-in./430025.html,Titan Fitness,Barbell,https://www.titan.fitness/dw/image/v2/BDBZ_PRD/on/demandware.static/-/Sites-masterCatalog_Titan/default/dwfe221d5f/images/hi-res/Fitness/430025_02.jpg?sw=800&sh=800
15,34-in Olympic Triceps Bar – Chrome,$59.99,Out of stock,https://www.titan.fitness/strength/barbells//strength/barbells/specialty/34-in-olympic-triceps-bar-%E2%80%93-chrome/430005.2.html,Titan Fitness,Barbell,https://www.titan.fitness/dw/image/v2/BDBZ_PRD/on/demandware.static/-/Sites-masterCatalog_Titan/default/dwc56c0d67/images/hi-res/Fitness/430005.2_01.jpg?sw=800&sh=800
16,60 LB EZ Curl Rubber Fixed Barbell,$129.99,Out of stock,https://www.titan.fitness/strength/barbells//strength/barbells/fixed-weight/60-lb-ez-curl-rubber-fixed-barbell/420034.2.html,Titan Fitness,Barbell,https://www.titan.fitness/dw/image/v2/BDBZ_PRD/on/demandware.static/-/Sites-masterCatalog_Titan/default/dwe85e4219/images/hi-res/Fitness/420034.2_01.jpg?sw=800&sh=800
17,50 LB EZ Curl Rubber Fixed Barbell,$109.99,Out of stock,https://www.titan.fitness/strength/barbells//strength/barbells/fixed-weight/50-lb-ez-curl-rubber-fixed-barbell/420033.2.html,Titan Fitness,Barbell,https://www.titan.fitness/dw/image/v2/BDBZ_PRD/on/demandware.static/-/Sites-masterCatalog_Titan/default/dw33e68829/images/hi-res/Fitness/420033.2_01.jpg?sw=800&sh=800
18,30 LB EZ Curl Rubber Fixed Barbell,$69.99,Out of stock,https://www.titan.fitness/strength/barbells//strength/barbells/fixed-weight/30-lb-ez-curl-rubber-fixed-barbell/420031.2.html,Titan Fitness,Barbell,https://www.titan.fitness/dw/image/v2/BDBZ_PRD/on/demandware.static/-/Sites-masterCatalog_Titan/default/dw82e4eeda/images/hi-res/Fitness/420031.2_01.jpg?sw=800&sh=800
19,40 LB EZ Curl Rubber Fixed Barbell,$89.99,In Stock,https://www.titan.fitness/strength/barbells//strength/barbells/fixed-weight/40-lb-ez-curl-rubber-fixed-barbell/420032.2.html,Titan Fitness,Barbell,https://www.titan.fitness/dw/image/v2/BDBZ_PRD/on/demandware.static/-/Sites-masterCatalog_Titan/default/dw39dd2e79/images/hi-res/Fitness/420032.2_01.jpg?sw=800&sh=800
20,20 - 110 LB Set  EZ Curl Rubber Fixed Barbell,"$1,179.99",In Stock,https://www.titan.fitness/strength/barbells//strength/barbells/fixed-weight/20---110-lb-set--ez-curl-rubber-fixed-barbell/420042.2.html,Titan Fitness,Barbell,https://www.titan.fitness/dw/image/v2/BDBZ_PRD/on/demandware.static/-/Sites-masterCatalog_Titan/default/dw89b83d4d/images/hi-res/Fitness/420042_00.jpg?sw=800&sh=800
21,Silencer Drop Pads | Set,$149.99,In Stock,https://www.titan.fitness/strength/barbells//strength/barbells/accessories/silencer-drop-pads-%7C-set/400555.2.html,Titan Fitness,Barbell,https://www.titan.fitness/dw/image/v2/BDBZ_PRD/on/demandware.static/-/Sites-masterCatalog_Titan/default/dw7dffb532/images/hi-res/Fitness/400555v2_01.jpg?sw=800&sh=800
22,Loading Pin,$23.99,In Stock,https://www.titan.fitness/strength/barbells//strength/barbells/accessories/loading-pin/401141.2.html,Titan Fitness,Barbell,https://www.titan.fitness/dw/image/v2/BDBZ_PRD/on/demandware.static/-/Sites-masterCatalog_Titan/default/dw1ece067d/images/hi-res/Fitness/401141_01.jpg?sw=800&sh=800
23,Mini Bar Jack,$43.99,In Stock,https://www.titan.fitness/strength/barbells//strength/barbells/accessories/mini-bar-jack/430018.html,Titan Fitness,Barbell,https://www.titan.fitness/dw/image/v2/BDBZ_PRD/on/demandware.static/-/Sites-masterCatalog_Titan/default/dw22539af0/images/hi-res/Fitness/430018_03.jpg?sw=800&sh=800
24,Full Bar Jack,$83.99,In Stock,https://www.titan.fitness/strength/barbells//strength/barbells/accessories/full-bar-jack/430017.html,Titan Fitness,Barbell,https://www.titan.fitness/dw/image/v2/BDBZ_PRD/on/demandware.static/-/Sites-masterCatalog_Titan/default/dwed19f03c/images/hi-res/Fitness/430017_04.jpg?sw=800&sh=800
25,"6 Foot 3/4"" Heavy Chains",$114.99,Out of stock,https://www.titan.fitness/strength/barbells//strength/barbells/accessories/6-foot-3%2F4%22-heavy-chains/420014.html,Titan Fitness,Barbell,https://www.titan.fitness/dw/image/v2/BDBZ_PRD/on/demandware.static/-/Sites-masterCatalog_Titan/default/dw892757d6/images/hi-res/Fitness/420014_01.jpg?sw=800&sh=800
26,"2"" Weight Bar Grip - Red",$18.99,In Stock,https://www.titan.fitness/strength/barbells//strength/barbells/accessories/2%22-weight-bar-grip---red/430012.html,Titan Fitness,Barbell,https://www.titan.fitness/dw/image/v2/BDBZ_PRD/on/demandware.static/-/Sites-masterCatalog_Titan/default/dwc02c7def/images/hi-res/Fitness/430012_01.jpg?sw=800&sh=800
27,"2"" Weight Bar Grip - Blue",$18.99,In Stock,https://www.titan.fitness/strength/barbells//strength/barbells/accessories/2%22-weight-bar-grip---blue/430014.html,Titan Fitness,Barbell,https://www.titan.fitness/dw/image/v2/BDBZ_PRD/on/demandware.static/-/Sites-masterCatalog_Titan/default/dwbf5de153/images/hi-res/Fitness/430014_03.jpg?sw=800&sh=800
